;F0;F1;Decision
0;-0.31439204303913176;-0.2222206847786769;0
1;-0.3436535133703793;-0.21852145395342187;0
2;0.10928124219194962;-0.27644233774685795;0
3;-0.46508322466882235;-0.043618464886061165;0
4;0.25215232431946116;-0.008326862254684594;0
5;-0.47112007568066033;-0.11820702556181276;0
6;-0.047708597993269486;-0.27511421395833546;0
7;0.3860525028954455;-0.11670526771787018;0
8;-0.186266810195467;-0.18781719670040448;0
9;-0.2846146093392647;-0.08414894473737991;0
10;-0.26910730613665196;-0.06355974641455629;0
11;0.14460195170299586;-0.3228078558294509;0
12;-0.2711303528692427;0.03337414894792834;0
13;-0.2255344491727257;0.24204446206520225;0
14;-0.32030682322686516;-0.20377499468024732;0
15;0.19563968021904596;-0.391887033742447;0
16;-0.039350609968500344;-0.2259627193711346;0
17;0.09748416091666781;-0.10172537205311083;0
18;0.29562705591938204;0.007616960082395936;0
19;-0.5633952941342708;-0.1140266486584462;0
20;-0.3321285324593432;-0.3438816885285714;0
21;0.2521530876318901;-0.008324599399256014;0
22;-0.5003320591441633;-0.04467670934394144;0
23;-0.281547036664009;0.0026289301764004826;0
24;-0.5142961303740491;-0.09273228597794539;0
25;0.3010588629495656;0.08959788488402687;0
26;0.2533990952182789;-0.06653620645542871;0
27;-0.21924346088933402;0.2093241044710976;0
28;-0.5297036973261995;-0.24073466201824506;0
29;0.17648267840003015;-0.3830338267748684;0
30;0.19596879800546546;-0.02390065044148449;0
31;0.03547714627923216;-0.13718181478598318;0
32;-0.30642566698179596;-0.2331983727810279;0
33;-0.28183065235339866;0.30479594969984225;0
34;0.28875131368718454;0.04796831156286298;0
35;-0.19349941263464457;-0.13848597919818847;0
36;-0.17904083446233982;-0.15204635964172605;0
37;0.03779787382677905;-0.29094692713805204;0
38;-0.14755887670930487;-0.3294365738258326;0
39;-0.45897420405321443;-0.05173044139865757;0
40;-0.33637660198492414;-0.24599037277352942;0
41;-0.48467758695220464;0.3407680088915577;0
42;-0.25379644478450286;0.08027697661155059;0
43;-0.04999130997734003;-0.08266324521879713;0
44;-0.17534785867741204;-0.22510406836686875;0
45;-0.5072293804228684;0.41228701950584734;0
46;-0.2102839518672912;-0.027797061209305182;0
47;-0.5072293804228684;0.41228701950584734;0
48;-0.2507227563960917;-0.2316401748210417;0
49;0.018211313357065974;-0.12660049669033274;0
50;0.17341686502894263;-0.26390035890209335;0
51;-0.14522565383532693;-0.402747850351769;0
52;-0.20991560036750243;-0.1347205762429348;0
53;-0.2141438552736741;-0.11740333215463489;0
54;-0.25000017734851654;-0.3006087062192928;0
55;0.028838171743571096;-0.381254566234396;0
56;-0.1651086258229576;-0.20270096522631825;0
57;-0.21751131332533227;-0.40256668879368074;0
58;0.25388577323060024;-0.27478217482892264;0
59;-0.45815682403624014;0.40973097543779546;0
60;0.09916187643333535;-0.17917355418708122;0
61;-0.0634028754871162;-0.030359497626319412;0
62;-0.5534731093718721;-0.042849307036419704;0
63;0.08781836392743078;-0.1364131985956873;0
64;-0.09705410500574747;-0.44172894752634684;0
65;0.004088305322746712;-0.18986656351419773;0
66;0.15988255823029934;-0.33008418151295177;0
67;-0.39664695514404447;-0.02544110933873038;0
68;-0.2529625194110367;0.05766074601083875;0
69;-0.2759620349253631;0.09511966590111225;0
70;0.12330579553753562;-0.2988685794768379;0
71;0.0579960427094654;-0.3810795527844478;0
72;-0.5092016506415804;-0.0987097473902927;0
73;0.19795817733178458;-0.3410143627916775;0
74;-0.5602795558629899;-0.050375008510969405;0
75;-0.04534250290142409;-0.19369674377185825;0
76;-0.33999193183692394;-0.15445155840200459;0
77;-0.0791046450763719;0.010525322103859123;0
78;-0.14630547979729655;0.008122941586611435;0
79;0.04710786193138381;-0.1349869354533465;0
80;-0.34194233551779424;-0.1459055024438017;0
81;-0.031310380075353764;-0.340360207916058;0
82;-0.36953617075445006;-0.2563247007924861;0
83;-0.2780738826600427;0.02550483891957242;0
84;-0.15884456289503776;-0.26831564463259805;0
85;-0.04037210235064608;-0.30890865627977504;0
86;0.24916741230307932;-0.0020718695140953813;0
87;-0.11709588616247504;-0.06915690352628487;0
88;0.13057119593894478;-0.3216886270972811;0
89;0.053902632645033616;-0.31199521656566126;0
90;-0.26515483536566276;-0.07185616955689024;0
91;-0.07733071981320108;-0.29082195658797244;0
92;-0.3469313830240303;-0.2080529261945854;0
93;0.3806696741008102;-0.18228030512147703;0
94;0.025466125480450706;-0.2564272764019702;0
95;0.30888890540903546;0.15984752799544494;0
96;0.024121796113227803;-0.26341045529114526;0
97;0.3960994120345217;-0.15102232955016354;0
98;-0.5556751037587168;0.018754351889128718;0
99;-0.3043140691944695;0.4546936935549692;0
100;0.18737697389499713;-0.17834511049368018;0
101;0.15668061617097517;-0.3943256043238065;0
102;0.031248049441662068;-0.4026819817574967;0
103;0.20927510386820397;-0.22332655435050586;0
104;0.03271077514426036;-0.33931661898870824;0
105;0.08194990732102345;-0.35865898795877715;0
106;-0.4999779512824966;0.0912815140737053;0
107;-0.20731378007745344;0.16759990984832093;0
108;-0.4779880325087686;-0.002522189772561162;0
109;-0.4903858165496989;0.023198410704340366;0
110;0.1911098679275132;-0.26809711706816214;0
111;-0.11305844537200721;-0.12055054977518141;0
112;-0.4123408159183116;-0.08153168656464972;0
113;-0.2013055628467229;-0.3201446550780868;0
114;-0.2334487522522945;-0.053682427853120954;0
115;-0.08434890698496228;-0.18568750005640008;0
116;-0.24416777118454308;-0.2688085403644366;0
117;-0.14275951802708375;-0.18036086783941252;0
118;0.10588525875453496;-0.30634734575970224;0
119;0.24767183403896267;-0.07801111237787488;0
120;-0.4981791923413549;-0.009258724389609008;0
121;-0.5416988242039485;-0.012682661028308312;0
122;-0.27304642378502886;0.34616455777137817;0
123;0.2423398605211819;0.02448334121104387;0
124;-0.32291228488445733;0.32098790137189614;0
125;-0.20081897377429347;-0.2252387760645163;0
126;-0.3455893164841271;0.46069274780389846;0
127;0.11669684838179639;-0.25626357908474134;0
128;0.004210951122029294;-0.41840684336222755;0
129;0.05413732789809732;-0.31115541084346854;0
130;0.19442491499042536;-0.21669439805981666;0
131;-0.3798840426995573;-0.24969930743908295;0
132;-0.10805233496635744;-0.1785521137747279;0
133;-0.0542593722069397;-0.02917900005442315;0
134;-0.3162189629518029;0.330446964600976;0
135;-0.5295014492805057;-0.04958469661842371;0
136;-0.5342829582196018;-0.14268754005925133;0
137;-0.343904042301384;-0.27025271565364395;0
138;-0.5507252301340166;-0.10448059151380737;0
139;-0.48467758695220464;0.3407680088915577;0
140;0.14851806929198597;-0.21393482337661504;0
141;0.10820169833215426;-0.07713387159275302;0
142;-0.1174248045117571;-0.3201659394599421;0
143;0.18465114797363702;-0.3138686050023296;0
144;-0.5059100349106732;-0.028595907124291636;0
145;0.18187718420001758;-0.02321083027757775;0
146;0.05176289594960966;-0.35741449297488526;0
147;0.20145901799921365;-0.19798011103660956;0
148;0.006275843730827256;-0.28730100679347625;0
149;-0.263353893226117;-0.047202755020649925;0
150;-0.34828924357446694;-0.21117801037574133;0
151;-0.25992737064187305;0.2775813118444713;0
152;0.006140563776884725;-0.4051923701284588;0
153;-0.5603426702789429;0.042302158897193715;0
154;-0.26152537074149285;-0.0148588703909917;0
155;0.16558068297423936;-0.16187097704635645;0
156;0.2874554973348788;-0.18625689252842587;0
157;0.15763027725200945;-0.2748811487704339;0
158;0.20641876402367618;-0.1431163706441793;0
159;-0.011542916621417418;-0.12459715553214794;0
160;-0.1405716135229178;-0.3820132863425513;0
161;-0.3475668293277436;-0.17931022023199375;0
162;-0.2629652209906036;0.1693981435167882;0
163;-0.41710836888966907;0.005649742334088673;0
164;-0.017622696168738405;-0.4152890355522992;0
165;0.13897999224580124;-0.29958608891090965;0
166;-0.2664972793367937;0.0036375296782027097;0
167;-0.2730626744860927;0.047871517806624284;0
168;-0.33661259489530976;0.3836960012673267;0
169;-0.22067452478312016;0.0865032025018008;0
170;0.06537087059461426;-0.04892409921525685;0
171;0.1396210664689168;-0.33563135346445716;0
172;0.3105696492679936;0.037830806713945314;0
173;-0.3304561894320528;0.3625265894884504;0
174;0.03526985672532081;-0.16073388007404266;0
175;0.17382181160315302;-0.24355646883338916;0
176;-0.4581699118292534;0.2637018255670208;0
177;-0.20383311607627225;-0.23921526561111728;0
178;0.3241140128320954;-0.02887491293313308;0
179;-0.4035510696205965;-0.02005359565770809;0
180;-0.04570865752852521;-0.12835695704069028;0
181;0.2990377315376415;-0.00970217815517991;0
182;-0.24602138420470362;0.2584225744579748;0
183;-0.23889021690411816;-0.15431775476276127;0
184;-0.3019069760025933;0.3659307728257182;0
185;-0.29258982338440165;0.2969393949635676;0
186;0.20532142498232608;-0.22393780378828354;0
187;-0.13737034852006602;-0.14111306879102783;0
188;0.15009116472493453;-0.32352839020670254;0
189;0.2846865556910334;-0.1581998630477785;0
190;0.24767183403896267;-0.07801111237787488;0
191;-0.527161593522028;-0.015522534954317213;0
192;0.15779504474331002;-0.1477949249805974;0
193;-0.0658663766889629;-0.35843012114844786;0
194;-0.4467596685979234;0.5356989797274481;0
195;-0.20731378007745344;0.16759990984832093;0
196;-0.2794981993501618;-0.2288614259122916;0
197;-0.19208457643670857;-0.03221355946467593;0
198;0.14118880821719532;-0.33795672666885235;0
199;-0.279684978930688;-0.36676953995122846;0
200;-0.23551197828756182;0.2966192186254225;0
201;0.17611514407936005;-0.2876682807750562;0
202;-0.5072295712509756;0.4122864537919902;0
203;-0.5176663300512088;-0.04225632105810942;0
204;-0.16451601327002718;-0.024125494800718888;0
205;-0.04190566206164506;-0.4055801210066792;0
206;-0.26181308397316555;-0.323731392463804;0
207;-0.3583314437798342;-0.11444418394094912;0
208;-0.2474458218484936;-0.05109843027836158;0
209;0.14932071354790902;-0.11147147804170014;0
210;-0.5100894680885437;-0.05461085295118834;0
211;-0.5351291606887792;0.02965733752743213;0
212;-0.3278372949929444;-0.12462289661895071;0
213;0.12534547451286268;-0.090660162077409;0
214;0.009000649369705682;-0.3259796490011469;0
215;-0.11434793967917402;-0.47599655181743916;0
216;-0.04594897550739137;-0.11090744470214169;0
217;0.133528291226978;-0.0743986419972767;0
218;-0.22233916679549254;0.18366877704697587;0
219;-0.4425350319812799;0.3576193570735877;0
220;-0.26745602786145856;0.31823532983705144;0
221;-0.16261894849385136;-0.18752260236730708;0
222;0.15063847093540217;-0.051719729855963584;0
223;-0.5479826690318982;-0.07722288832662702;0
224;0.02523012797952601;0.015167931749483457;0
225;0.08339443079665601;-0.14202928786641836;0
226;0.06537087059461426;-0.04892409921525685;0
227;-0.36180272932474833;0.42008698439423364;0
228;0.12096132276774132;-0.2094283425258777;0
229;-0.01749471435106832;-0.46552712100634375;0
230;0.25183176203038155;0.005836455071959526;0
231;-0.3092595094682101;0.4286967281222122;0
232;0.12614120570652837;-0.142487154223415;0
233;0.26035894437460283;-0.06490009425388127;0
234;-0.03448487649396184;-0.2249173749578629;0
235;0.02109947043742742;-0.14781497957534134;0
236;-0.2734478181658576;0.35142309036186503;0
237;0.14543022180604268;-0.32760624157586704;0
238;0.04711677925716354;-0.36406141257241525;0
239;-0.4054518183151805;-0.011571132882246843;0
240;-0.19778674517309608;-0.2360697535321248;0
241;0.25538118192470344;0.02481215913762727;0
242;-0.038863721239544693;-0.10882444587632409;0
243;-0.1920586974745005;-0.19961104692188497;0
244;-0.35379638321203716;-0.09951692566411445;0
245;0.12764369533667025;-0.32731877533766957;0
246;0.17345797218035475;-0.18873473379409747;0
247;0.1660814943542431;-0.13080111090418092;0
248;0.04194139341989117;-0.044835869606320536;0
249;-0.285183237072731;0.020144659712915264;0
250;0.17025013795051075;-0.30973578870003526;0
251;-0.3960776844268634;0.17668089883772634;0
252;-0.2711494570148788;0.03960425989117329;0
253;-0.1170782152684048;-0.4139854902490976;0
254;-0.5564071460590674;0.008524983953971721;0
255;0.22650983413626424;-0.369215168106028;0
256;0.14230949406060558;-0.23845271539232427;0
257;-0.09506005157340137;-0.2043551568486405;0
258;0.02763293352764499;-0.31359517736925013;0
259;0.007974215444604783;-0.22698346239728848;0
260;-0.2683179335103582;-0.20201256190609326;0
261;-0.031717877126069174;-0.26435672478596506;0
262;-0.274085312434655;-0.0028884186800459816;0
263;-0.33672441784727025;-0.2671241563700831;0
264;-0.20563555120358198;-0.1284497105006449;0
265;-0.054343025090374926;-0.12731386433342504;0
266;-0.2406354808013793;0.06578614117864483;0
267;-0.5111882243326109;-0.01832506870377415;0
268;0.24767183403896267;-0.07801111237787488;0
269;-0.04459358879036057;-0.41566469333218414;0
270;-0.5347792993416021;0.00732828364527599;0
271;-0.5020554502133366;-0.1632757352480807;0
272;0.06765584282202147;-0.3550588711318733;0
273;-0.16090805114439855;-0.2124395995763396;0
274;6.246577863507075e-05;-0.4138854559606863;0
275;-0.22435518534604146;-0.21901710835082328;0
276;0.018799404620927843;-0.3092596912702052;0
277;0.30364346668526276;0.0007141924476513906;0
278;-0.2860322251820101;0.011324261431400265;0
279;-0.2807036472613688;0.028639157776399207;0
280;0.28669931480261435;-0.07787819030231174;0
281;0.132683643332212;-0.3090252033806214;0
282;0.19213941501031304;-0.1924598765188591;0
283;0.2975980005848281;-0.0718032469670331;0
284;-0.4425350319812799;0.3576193570735877;0
285;0.3650664166636509;-0.08294199983938179;0
286;0.2917582314591362;-0.006805119972689396;0
287;-0.3954232653585898;0.1414541607354595;0
288;0.1049278210572559;-0.08728050944510496;0
289;-0.2055454800105624;-0.1384156773540657;0
290;-0.07572480465790285;-0.16298846526372113;0
291;-0.4597484383058835;0.535256887193974;0
292;-0.2400142067857986;-0.2707591835698685;0
293;0.1313864711286564;-0.12015474709018398;0
294;0.08385338158659122;-0.17913570470800866;0
295;-0.22303332643721835;-0.03738288438156996;0
296;-0.27391981540519983;0.12710323646469726;0
297;-0.24726711347583974;0.017676434847039346;0
298;0.13233947807569627;-0.05704613286596437;0
299;-0.33697280841530775;-0.10134800615361025;0
300;0.2521530876318901;-0.008324599399256014;0
301;-0.15546418025872202;-0.24181938511260453;0
302;-0.27330362149258736;-0.05308811710480156;0
303;-0.2523800324992061;0.28253267376219665;0
304;-0.43260117662191055;0.004015365763100701;0
305;-0.30305729571464096;0.008505709083064462;0
306;-0.4197684198472414;0.2077824952928482;0
307;0.2940541691830842;0.0006434559647002236;0
308;-0.5364529565546303;-0.06271899722499835;0
309;-0.32044050110232275;-0.22579759644040925;0
310;0.13007625256131108;-0.2968090266434381;0
311;0.17491161323812904;-0.3224203590554502;0
312;0.057008534674281575;-0.13052552065012998;0
313;-0.19420310064845855;-0.10296893145142248;0
314;-0.2573489101293621;-0.05615717710751342;0
315;0.2521530876318901;-0.008324599399256014;0
316;-0.2356196097787429;-0.37785915631788863;0
317;-0.16656367933321858;-0.10244948664829803;0
318;0.29669086251997634;-0.032211270585078305;0
319;-0.020236287624350847;-0.2050036756729109;0
320;0.18187718420001758;-0.02321083027757775;0
321;-0.46160902670931414;-0.07211700963545306;0
322;0.2603088052137335;0.03829576777572344;0
323;-0.5004489371148332;-0.03911167245507288;0
324;0.06791048281476278;-0.33833475035991434;0
325;-0.030228070009812827;-0.3462110784251255;0
326;0.38741820274814376;0.06174355757611947;0
327;-0.5533856828684051;-0.001270669657903456;0
328;-0.21360211692336467;-0.20975564597972216;0
329;0.028346762195249744;-0.13247534231916352;0
330;0.03413116074180358;-0.08428433829849888;0
331;0.1228371776710724;-0.1938501120159285;0
332;0.0467191075591798;-0.3355016382492261;0
333;-0.22086116643548412;-0.18075499878553447;0
334;0.024603074396899766;-0.31191844662742346;0
335;0.2578789557642148;-0.32501609889019123;0
336;-0.0867104553860436;-0.2812171459265195;0
337;0.1284779317071879;-0.12498886573150852;0
338;-0.05296743102652424;-0.07336621667845016;0
339;-0.1350353529815399;-0.15804928162595794;0
340;-0.3174881121503525;-0.28488596749647926;0
341;-0.4342719815715878;0.42271924037967207;0
342;0.04098698110984579;-0.34155217335536037;0
343;-0.38255378198687096;0.1479387456477564;0
344;-0.21614513207907027;-0.2541127322778812;0
345;-0.20731378007745344;0.16759990984832093;0
346;0.04338382092528595;-0.32593683987618854;0
347;0.027297280432767253;-0.2529612288964898;0
348;-0.04346358884865955;-0.2399546069615349;0
349;-0.03287672719765831;0.2804642459446077;0
350;-0.31059794801001833;0.3663797484606373;0
351;0.18187718420001758;-0.02321083027757775;0
352;0.2521530876318901;-0.008324599399256014;0
353;-0.05066920692492083;-0.06700171693626278;0
354;-0.475180188023284;-0.029366230424977824;0
355;-0.2243440207363231;0.20543440764225776;0
356;-0.33715615992005465;-0.14393847547615568;0
357;-0.3202491653469818;-0.1806901568118657;0
358;-0.49010791662617303;0.04523774762462532;0
359;-0.3257451413856458;0.4165755261802703;0
360;0.22856210359777482;-0.2081121085937626;0
361;-0.05633338015084842;-0.24458452940186362;0
362;-0.02503006276114498;-0.16186661898808746;0
363;0.06713916615953704;-0.27047510014864684;0
364;-0.2522122729353895;-0.3731367099580906;0
365;0.014017827723572622;-0.3141571267875877;0
366;-0.2125863327459746;-0.24164432492084212;0
367;-0.2926675090882725;-0.0756330557763794;0
368;-0.08567246383029434;-0.23191617844910956;0
369;0.04174388055478542;-0.2149657911931973;0
370;-0.41415664137661556;-0.0029013885863763134;0
371;0.15632415072206116;-0.28500939307883855;0
372;-0.40934721007915753;0.15435487313845916;0
373;-0.28598967682077503;-0.10547687974209781;0
374;0.23879581729893562;0.09414565383191593;0
375;-0.4043941296653412;0.17587268400126715;0
376;-0.3275798338632586;-0.16407207584088102;0
377;-0.31045082746193875;0.39337812514977605;0
378;-0.4256956982803066;-0.0238326957226314;0
379;-0.05962819606573615;-0.3055566825558909;0
380;0.17350544022193004;-0.09088121022679922;0
381;-0.5240549624046941;-0.14737529880510183;0
382;0.09729947400621916;-0.10277245169866704;0
383;-0.5206265860739182;-0.008851552042537347;0
384;-0.39152976215243973;0.16717601176789976;0
385;-0.2343185371356486;-0.06973887198120374;0
386;-0.24779683870906294;0.3207967578596339;0
387;0.1525742688515095;-0.37545638508376733;0
388;-0.24070331425109404;0.3010943274352912;0
389;-0.5437358787146063;0.014669898679641996;0
390;-0.3013038077436453;0.1649599035234928;0
391;-0.2188808665977937;-0.029114883572127256;0
392;-0.0639966491064058;-0.06841466877534973;0
393;-0.4869033465823963;-0.05206746283653793;0
394;-0.457027214181973;0.5379472208364124;0
395;-0.16526846284543004;-0.022353175085536157;0
396;-0.04213133146480811;-0.22628884101805405;0
397;-0.08994218707864408;0.057565826556741306;0
398;0.05888378482855002;-0.3567712182380276;0
399;-0.17130774121620185;-0.14000065869608738;0
400;0.1740366260985491;-0.05386343148318283;0
401;0.33346106705031103;-0.11032572970145157;0
402;-0.12025204960033095;-0.1775629400798025;0
403;0.13668982030327476;-0.24177495018509262;0
404;0.04194139341989117;-0.044835869606320536;0
405;-0.20915963014485028;0.10389726228049792;0
406;-0.23065688460042305;0.1505821449272014;0
407;-0.10809688338955994;0.03602626573957255;0
408;0.0024552087002791684;-0.33832129784433845;0
409;-0.13986756545688495;-0.04432089445430426;0
410;0.16153888189999166;-0.19837824487633487;0
411;0.061004971759396245;-0.3608191821703555;0
412;-0.47343552216328205;-0.06384331096183712;0
413;0.14218533177011947;-0.3725427448703897;0
414;-0.3622548596924678;-0.05304474367450256;0
415;0.2211372934966231;-0.3123276188250893;0
416;-0.547038141999091;-0.05348418305810432;0
417;0.11766468488876788;-0.06419068136273687;0
418;0.22780503336131272;0.03427196836577388;0
419;0.3206795331326944;-0.05780780584527468;0
420;-0.26256535662396224;0.3429241868270149;0
421;0.25661349758470536;0.01971184882945505;0
422;-0.5356756971155656;-0.08155755270896381;0
423;-0.2800696223796647;0.21640191528821506;0
424;-0.119871195998142;-0.17585998255401283;0
425;0.286480709584647;-0.011802546177696535;0
426;-0.25869690475953644;0.3038859663498117;0
427;-0.4425350319812799;0.3576193570735877;0
428;0.031436174633109305;-0.2598086718953556;0
429;0.2845434820809582;-0.1578210436996355;0
430;-0.21544759779188533;0.007933989362572794;0
431;-0.03515077256278698;-0.11496123816429449;0
432;-0.3798372739284558;-0.2521740796555823;0
433;-0.3944483928733513;-0.017503656506891993;0
434;-0.535202932722764;-0.15408149077415975;0
435;-0.26623048356607404;-0.06619633201179677;0
436;0.04194139341989117;-0.044835869606320536;0
437;-0.07949079647374947;-0.032435056589839854;0
438;-0.20866146756382087;-0.2772945001378028;0
439;-0.03725121459465387;-0.40207701721020667;0
440;0.09319595191273826;-0.3393356403844998;0
441;-0.3878571104388273;0.1404036872359662;0
442;-0.4698903849480009;-0.02977223318670852;0
443;-0.054178577363641914;-0.2648951761589869;0
444;-0.0947669793257746;-0.13587176345613283;0
445;0.15285929161447895;-0.21919869220743865;0
446;-0.057590725107728974;-0.1794459255562811;0
447;-0.0466760439700905;-0.29464964695251317;0
448;-0.518834960868673;-0.026658731325948953;0
449;0.18663253858217838;-0.3301933907739991;0
450;0.245719830596437;-0.3267150051810975;0
451;-0.3434482321164843;-0.31445308523889137;0
452;-0.2675828508906977;0.006038758223972929;0
453;-0.4689893774726627;-0.05663096301456194;0
454;-0.09912255591979098;-0.1495741261668521;0
455;-0.4680793369975234;0.028579840737003703;0
456;0.05579318021520541;-0.173921848781934;0
457;0.09343089296500379;-0.09449095299138682;0
458;0.17557606651342011;-0.36554961557379984;0
459;-0.29143493317149066;-0.0062985539658396966;0
460;-0.25514936378373176;-0.009563188648963317;0
461;-0.3252501213808448;-0.1641557582640555;0
462;-0.3136968595522741;-0.2751396905582465;0
463;-0.26013742569528664;0.28851683402288436;0
464;0.020252013940860084;-0.45339101966340567;0
465;-0.4672779432442884;0.6082188350086264;0
466;-0.020065123050421296;-0.0741938581854776;0
467;-0.331288664917287;-0.15275759324990676;0
468;-0.339615287198947;-0.22516537176628093;0
469;-0.09068597171420437;0.013412806574894444;0
470;-0.28709212611730817;0.041493885903998266;0
471;-0.1210798365395351;-0.01298256794487157;0
472;-0.2215729028479702;-0.2607856879824419;0
473;-0.2625707529123315;-0.09237556218903342;0
474;-0.41498449737352844;-0.022074258587186132;0
475;0.10033561469964596;-0.37190046274054017;0
476;0.04194139341989117;-0.044835869606320536;0
477;-0.2196535124926775;-0.2158362700635871;0
478;0.24704617219743064;0.08392497549050071;0
479;0.00409958036906774;-0.152825546983176;0
480;0.21103784494392924;-0.035612525243650245;0
481;-0.35005850332142147;-0.14436803396724518;0
482;-0.26801811840818995;0.18299618976112308;0
483;-0.1927216625042848;0.054415407941407444;0
484;-0.024559243669897188;-0.4058229676810522;0
485;-0.2884716441497374;-0.18743089568817833;0
486;-0.26837903070007707;-0.21245444050699297;0
487;-0.3400715834920453;-0.18944213627450018;0
488;-0.23215166326707837;0.06770010439461466;0
489;-0.04150291871662895;-0.23526548242068862;0
490;-0.1921598688713831;-0.03086976324740419;0
491;0.2429401778528396;-0.25646303411858695;0
492;-0.21985230619188179;0.26653161599891384;0
493;-0.510371598968919;0.04707047341158915;0
494;0.27669765293328125;-0.18636270518317544;0
495;-0.49279293122175927;0.30153041794793534;0
496;0.24672118435893106;-0.2936227871644936;0
497;0.3345384285985396;-0.05449359289989729;0
498;0.06537087059461426;-0.04892409921525685;0
499;-0.12696509661538458;-0.056898166587310346;0
500;-0.07864926342773826;-0.2769752577683506;0
501;0.013580373164271766;-0.09894947457863879;0
502;0.39299690614994226;-0.13348751398676814;0
503;-0.02119362432742352;-0.3491550451386075;0
504;-0.19337016137741062;-0.16624862619919328;0
505;-0.32588112418052023;-0.11621376652590193;0
506;-0.30014567323172725;0.03255517870407139;0
507;-0.21597549357817133;-0.3184485682494892;0
508;0.020266438210221636;-0.39368089992961774;0
509;-0.2483712039864448;0.10158810963765547;0
510;0.0019186224172902805;-0.2795116472579834;0
511;-0.011002445080604772;-0.311163498031351;0
512;-0.4864191163725152;0.039467973352201896;0
513;-0.2850297658824816;-0.36410055914241646;0
514;0.06614968967345286;-0.1698481867971844;0
515;-0.2922001966100041;-0.34941449362883953;0
516;-0.339572230181748;0.4524141433328891;0
517;-0.008544648813454986;-0.17089218602092932;0
518;0.11039026851272885;-0.33220391248822556;0
519;-0.2316400379550284;-0.1944041986224197;0
520;-0.1621110173557236;-0.20130701029982845;0
521;-0.37962898149230456;0.1464230054823532;0
522;0.09084300642347849;-0.002850923414259696;0
523;0.13631222290591913;-0.164125995968351;0
524;-0.019324399416297516;-0.037923265790126955;0
525;-0.28703494021397724;-0.00852435710076152;0
526;-0.31327212448607733;0.018249136025361157;0
527;-0.27830344838350307;-0.031175713286259274;0
528;0.05175383460019143;-0.35339669376896854;0
529;-0.46737150978597897;0.4802064388769203;0
530;-0.26388013752874273;-0.3586488525163583;0
531;-0.48182163916596743;-0.028391526380653426;0
532;0.04826731292832481;-0.21956343164910339;0
533;-0.11846416009767781;0.020560782565554082;0
534;-0.33025496106322905;-0.2488450491946379;0
535;0.29559602234124;-0.03267908416415477;0
536;0.08397868749773804;-0.17164773382385784;0
537;0.2928017822589648;-0.046056678178537966;0
538;0.14339862936282147;0.008040702898924092;0
539;-0.036279130107023855;-0.34431698873772004;0
540;0.10391353732586751;-0.3850063042357502;0
541;-0.0944681216093808;-0.26395410884800663;0
542;-0.4797632921102444;0.021639059410989175;0
543;-0.44779995178719045;0.4512682865870002;0
544;-0.001514887524208211;-0.3389130819202915;0
545;0.1763158053868958;-0.25634106489832525;0
546;-0.2691847454322253;-0.08485020025315879;0
547;0.20787797640529;-0.2612114753696125;0
548;-0.17485009132559898;-0.022987742106006112;0
549;0.08781731203461295;-0.34769062172730913;0
550;0.01195826177201615;-0.3264137003637141;0
551;-0.3767392759206867;-0.17547354757908343;0
552;-0.505866864266888;-0.013659179753463646;0
553;0.1864816207558072;-0.17630189782837552;0
554;0.29233895629431733;-0.1859318455986088;0
555;-0.07547372425460593;-0.14698586635527494;0
556;-0.24612920890085305;0.00020895936860749337;0
557;0.03418031456428459;-0.33625204167648814;0
558;0.18835338935170565;-0.2977693416738406;0
559;0.191058127667104;-0.20151743463048127;0
560;-0.5653369770273875;-0.010790497907419205;0
561;0.29456967593481975;-0.037580281835405044;0
562;-0.4505257094845017;0.547779760648907;0
563;-0.5308744297607211;-0.04415939124409202;0
564;0.1611583513947511;-0.2200216683075308;0
565;-0.238349209882869;0.0031799873355587704;0
566;-0.2467773372670639;-0.09027844239842558;0
567;-0.37276426107430877;-0.23477565857241067;0
568;-0.06504750340916646;-0.32086791553884236;0
569;0.390404633151342;-0.10513692327632464;0
570;0.00546974879722173;-0.3068814808363334;0
571;0.21836218853537695;-0.10628967233485104;0
572;-0.5498567347599026;-0.1355156718760783;0
573;-0.3577189677700095;-0.13981413631555412;0
574;-0.2749424582250054;-0.058554307292592325;0
575;-0.2591258195595544;-0.08189215347185409;0
576;-0.3697683064407731;0.1787121460936255;0
577;0.1794759878904703;-0.24182922642295787;0
578;0.14381768308336776;-0.1161128005954123;0
579;-0.27920397708654354;-0.04109003819631087;0
580;-0.3534658629329146;-0.22621698126658082;0
581;-0.4747311184424068;0.5230368778869394;0
582;0.03238949458193646;-0.3104195803592934;0
583;0.3855428941081532;-0.1410463405819239;0
584;-0.12339888888637353;-0.01809570166739379;0
585;0.1906607783683256;-0.25685908186120116;0
586;-0.25096083585564377;0.006191462282752289;0
587;-0.2977471441756304;-0.01189682182760863;0
588;-0.30299712165101816;0.10951905345001232;0
589;-0.26239989040878875;-0.017396633643115077;0
590;0.15836102741084054;-0.37795554464802517;0
591;0.33281863785345006;-0.018607854238543668;0
592;0.09458501458700817;-0.089759451082974;0
593;0.21984606967377365;0.16563804563273404;0
594;-0.1243620179779151;-0.39944763704366054;0
595;-0.29667669973081656;-0.07529313758824407;0
596;-0.07270002144930648;-0.04670886681164467;0
597;-0.5701931277538986;-0.12533323297125218;0
598;-0.24153428582370629;0.07468866268572528;0
599;0.12883884344569252;-0.2904654326018564;0
600;-0.06634873657680229;-0.1302781592481349;0
601;0.003854885947355252;-0.20330580006181528;0
602;-0.5060441633548366;0.04557875625576269;0
603;-0.053766713695084636;-0.27368841149513945;0
604;-0.36180272932474833;0.42008698439423364;0
605;-0.2633641792221093;-0.005307518245963948;0
606;-0.43887931886754716;0.4489160634803377;0
607;-0.5687574967612626;-0.13430343977856873;0
608;-0.11296785203719525;-0.39941345603616335;0
609;-0.2325444555814118;-0.1937018981032977;0
610;-0.26808038652100713;0.23876065672362062;0
611;-0.48130614190713766;-0.04355763314827446;0
612;0.22645000429996875;0.012576676087446809;0
613;0.010022356360173873;-0.39272826241638364;0
614;-0.14957430438017133;-0.19991898752366744;0
615;-0.48467758695220464;0.3407680088915577;0
616;-0.24630312053189984;-0.23353485293718637;0
617;-0.30299750330723263;0.10951792202229803;0
618;-0.0679311401147034;-0.1356746485674352;0
619;-0.21456765060880528;0.12185040305756065;0
620;0.20483367462900715;-0.2535088651622715;0
621;0.08837194801409398;-0.3460375797640567;0
622;0.0300092624022544;-0.39873381694749777;0
623;-0.2197986752514592;-0.27547111056982765;0
624;-0.3237799641436248;-0.23844979519743728;0
625;0.14530363216857664;-0.32369115827329414;0
626;-0.10047576631686878;-0.16488854264600028;0
627;0.11366780471076557;-0.1259523568900255;0
628;0.03948639602500931;-0.27778548809986664;0
629;0.18576513573686992;-0.19442816816149885;0
630;-0.033201578124428185;-0.23085385168815342;0
631;0.12990758677080166;-0.18156732749006516;0
632;0.23714668440475084;-0.31655289129165165;0
633;0.1118824488791208;-0.35264582411226264;0
634;-0.24620206525450838;-0.46694425030267034;0
635;0.13536676279168128;-0.1105869217451439;0
636;0.36731083714069157;-0.13430921423795308;0
637;-0.20935420494581647;-0.23809516144530218;0
638;-0.17348842881763926;-0.21242388195561157;0
639;0.13699988530984616;-0.28085837845783934;0
640;0.011089870211647639;-0.3048335046468808;0
641;-0.07346233817585075;-0.06210918493443171;0
642;0.01123202088124714;-0.40368380803644455;0
643;-0.09878216314695429;-0.012139238715040083;0
644;0.13979995234945714;-0.23799969066039134;0
645;-0.17230180970554734;-0.1693017020891401;0
646;-0.3907821475239195;0.12668663292644725;0
647;-0.02588369273071474;-0.2841926003748498;0
648;-0.09071997887822224;-0.05438285353587128;0
649;0.3077063171497497;-0.021697177596555428;0
650;-0.2506919606458305;0.06423890423988668;0
651;0.28841046286251687;-0.23634411839754632;0
652;0.14438165515970874;-0.34374288294748173;0
653;0.2633290265124369;-0.23618653217741126;0
654;-0.04066620010222213;-0.26074035595656586;0
655;-0.47978727313516406;0.03522519352910994;0
656;-0.24481371683479583;0.2232975336893019;0
657;-0.30299750330723263;0.10951792202229803;0
658;0.3824577463504161;-0.020171008771967966;0
659;-0.023674430480553045;-0.15251950125886204;0
660;0.1342430885799472;-0.3445780654095511;0
661;-0.11402166881115545;0.0150895053998923;0
662;-0.3554538665301989;-0.13839470459395917;0
663;0.14463270690225846;-0.2677239449666745;0
664;-0.14308650532186068;-0.41355573224191866;0
665;-0.09388364709178401;-0.1653498181214523;0
666;0.15111631897743688;-0.08496021397573704;0
667;0.2792347194068725;-0.0385623188543088;0
668;0.06537260005209958;-0.04892532001921618;0
669;0.0687285512447507;-0.4028388456287626;0
670;0.18837072582032058;-0.24118480579772547;0
671;0.18187710512438873;-0.02320803525150941;0
672;0.16167797868400235;-0.17197171474343353;0
673;-0.27392614479087696;0.367627235208842;0
674;-0.25871724890568537;-0.08503205176243075;0
675;-0.09853896398802765;0.014388903986261095;0
676;-0.17507210032727816;0.014081605184626578;0
677;-0.4776412951420428;0.2848217363428108;0
678;0.034964519978712805;-0.20319368362990717;0
679;-0.1870092307463463;-0.02552085426539315;0
680;-0.03677536167096858;-0.26461550327158995;0
681;0.24235817717235789;-0.14453707199728336;0
682;0.17519073725077897;-0.25919284544690435;0
683;0.18827770770912677;-0.33227080016696764;0
684;-0.27505462898285016;0.37505313668042334;0
685;-0.302213848517317;-0.2074129574393329;0
686;-0.09580104373178942;-0.03782568618358142;0
687;-0.1543540992069763;0.08098612703293348;0
688;-0.18783557789052305;-0.09778100922217173;0
689;0.13825245886734733;-0.19165828826172832;0
690;-0.24863420845813577;-0.37732840050713357;0
691;0.06537087059461426;-0.04892409921525685;0
692;-0.5402547653922998;-0.02658702147235323;0
693;-0.30232500606913;-0.026588751828510063;0
694;0.10880865013867079;-0.10996224565679949;0
695;-0.3710877285066835;0.16382983000464302;0
696;-0.31065601937236687;0.06764710373639507;0
697;-0.20349369544083457;-0.2585891610593187;0
698;0.2395672210065421;-0.2441400813882492;0
699;-0.5232935713587799;-0.0200342719218429;0
700;-0.21954473926703702;-0.26430057800080653;0
701;-0.5636973830082259;-0.12260863880722686;0
702;0.22784525269659034;-0.3285337775658729;0
703;-0.01814757956362894;-0.11505234756759014;0
704;-0.23875334572843018;-0.244429440361414;0
705;0.14492860734432428;-0.3409984608811759;0
706;0.02800058717501279;-0.3237987112507026;0
707;0.17686636788849286;-0.29997541562913493;0
708;-0.17273925358133785;-0.36685861294867866;0
709;-0.08525718392925011;-0.22367560487260427;0
710;0.07156965587334709;-0.20872115006210323;0
711;0.28648024830056146;-0.02401998996982886;0
712;-0.27010185323286406;-0.29495690570821564;0
713;-0.5120851729774387;-0.04511151515732778;0
714;-0.015582530422367048;-0.19267216755872169;0
715;-0.3195128007941279;-0.2083383936509246;0
716;0.18187718420001758;-0.02321083027757775;0
717;-0.2666599832971182;-0.0797365921354182;0
718;-0.19207231498810445;-0.29115857690920727;0
719;0.22659955341344118;-0.19979634510351912;0
720;-0.0008961371351961928;-0.41080511421578125;0
721;0.2650494481933385;0.02557776546509378;0
722;-0.3600078683230846;-0.23753524561958628;0
723;-0.13138423703672483;-0.03883796877399084;0
724;-0.38994909465923977;-0.24993221610949554;0
725;0.1380413960299443;-0.21624763248136317;0
726;-0.2541091526606303;0.19263293313900487;0
727;-0.36180272932474833;0.42008698439423364;0
728;0.0419406625868288;-0.044837935268883494;0
729;0.18053680132222638;0.1136303536566031;0
730;-0.4313298465837531;-0.03139169573914999;0
731;-0.26532175658933704;0.006910540748292424;0
732;-0.26377276880654826;0.3623794297138474;0
733;0.14856502239958522;-0.29554016895963525;0
734;0.011541287926389192;-0.2172708493943561;0
735;-0.18358629518160885;-0.26402382336984354;0
736;-0.24830473089977526;0.27590931667288443;0
737;-0.3049473319754553;-0.21297124530392547;0
738;-0.27176589363401715;0.01062277196398587;0
739;0.37853133332947886;-0.1125512773226243;0
740;-0.45297666268599523;0.5468706902843474;0
741;0.1523126529153246;-0.2651137477333399;0
742;-0.26344564788765723;0.027698778016666002;0
743;-0.024720639243930947;-0.40189612115729634;0
744;-0.35302745407089825;-0.25311438249378515;0
745;0.03763069049896517;-0.0690007486522282;0
746;-0.2838419693173187;-0.28310046749646084;0
747;-0.1298519100513071;0.01468105411025886;0
748;0.18825979460966924;-0.03960256500307871;0
749;0.15959023926230184;-0.0475843033846758;0
750;0.25304390059051163;-0.33399374982703317;0
751;-0.3041985847759573;0.021279608361940247;0
752;-0.1429739235492415;-0.026364667806028183;0
753;0.31646314348159627;-0.2458681460909224;0
754;0.1749893814158806;-0.24300336530309527;0
755;-0.04637752556786609;-0.38331907669475096;0
756;-0.5059258196042692;-0.0465664970541482;0
757;-0.016854617286636175;-0.19505402374448355;0
758;-0.01997694647679711;-0.33823244638603134;0
759;-0.2604324106310259;0.19620443090784254;0
760;0.06404112265598333;-0.294373538334768;0
761;-0.05505252718744073;-0.18407026144841215;0
762;-0.09465430273829968;0.13776780248868797;1
763;0.07119986730801375;-0.09561228776052072;1
764;0.5043306126647322;0.005914296449175696;1
765;0.8074748666945248;0.275076556541867;1
766;0.6208071056133752;0.12129779975285233;1
767;0.19253850789056623;0.005577406091023973;1
768;-0.10756718245359878;0.16383872848001735;1
769;-0.14232101501287553;0.1589577120306249;1
770;0.05231370440113248;-0.08224256080888102;1
771;0.4151815609598635;-0.018504706337008445;1
772;0.5525578092022375;0.13831515085587542;1
773;0.4052077298926524;0.007961728917011343;1
774;0.08709668826326777;-0.04837861872016598;1
775;-0.19172321286234717;0.12522451903152107;1
776;-0.1972282081649228;0.6700515415756626;1
777;-0.06729912588366929;0.18312132514687274;1
778;0.2226538333749369;-0.06551229476287837;1
779;0.5480604249314316;0.0743184565509076;1
780;0.7038833750959079;0.31751997508270396;1
781;0.4125210910047713;0.05318661408359451;1
782;0.0900072810793674;-0.07195440606483391;1
783;-0.27260884802975;0.12878682319301965;1
784;-0.17540213515799125;0.4169640771377455;1
785;0.1387615258885869;0.045478828864903106;1
786;0.43829174535186444;0.09549063304641225;1
787;0.5513747939535247;0.20701527875869788;1
788;0.259699810575723;-0.07110424544899;1
789;-0.0466272392003417;-0.12921735911334026;1
790;-0.3095361211859159;0.0914898326864963;1
791;-0.2722951149187506;0.5920799092022635;1
792;0.16982682944950317;0.10268550344608056;1
793;0.4185817676186151;0.040147517125664015;1
794;0.3788946408568753;0.03336083138147254;1
795;0.013420811891780425;-0.12268174633064488;1
796;-0.28274805187944524;-0.012377831486668323;1
797;-0.402514236402686;0.22199745182454922;1
798;-0.27433612570786947;0.610293601873838;1
799;0.031976219889139464;0.18593627251388967;1
800;0.1870638997419884;0.04018747055359598;1
801;0.13201393933743538;-0.012694465042880076;1
802;-0.08722761645473955;-0.08067279182765662;1
803;-0.1924439333795509;-0.023913059728047;1
804;-0.1871359158735581;0.11432633300905606;1
805;-0.0831809966306513;0.35396697552890627;1
806;-0.16608770369340542;0.5264096881722806;1
807;0.04425436055181246;0.2578721646585297;1
808;0.13821489321007305;0.12382440608634893;1
809;0.055919365896240074;0.06666942894426532;1
810;-0.09244789458866207;0.031662883348211525;1
811;-0.06239204518810443;0.04879386911502391;1
812;0.029193399025695677;0.12423296653864421;1
813;0.004826133449171505;0.1670738180878359;1
814;0.210143285138174;0.002967610185221334;1
815;0.5270973163482853;0.21192731101296175;1
816;0.5478445330348589;0.3038219244582686;1
817;-0.03767527949232837;0.1728660522475672;1
818;-0.032159994147522256;-0.03810626780019631;1
819;0.39279892240850484;0.041797417627668546;1
820;0.8098969188100649;0.4037280689746604;1
821;0.6103331927364635;0.2904088549412885;1
822;0.21922070426493506;0.08799715638734648;1
823;-0.09949523130485244;0.20282589195397754;1
824;0.07225705897351514;-0.021053166575246286;1
825;0.4908387025383503;0.0557513614775398;1
826;0.7851713980871692;0.2988904002295245;1
827;0.6142556146321524;0.15304353801871673;1
828;0.1809696554898512;0.04186859856017236;1
829;-0.11846842883791239;0.2172909362308646;1
830;-0.15393843741663482;0.21664185416574142;1
831;0.05614537560410478;-0.007255145856793835;1
832;0.40174832089639945;0.047385549686819815;1
833;0.5406616801175647;0.17880212265405557;1
834;0.39046498582592254;0.0361505364292853;1
835;0.08568775255189036;-0.01881833494971187;1
836;-0.19609498831571084;0.17692693208564303;1
837;-0.20695678239725018;0.7091416145545452;1
838;-0.08707948848967675;0.23110170335075753;1
839;0.23137459049757705;-0.00317583936563004;1
840;0.548570407825443;0.14056103945418372;1
841;0.6798593440671532;0.36429738932924244;1
842;0.3944453601475289;0.07775064589740552;1
843;0.08355839854995553;-0.04997975646699552;1
844;-0.2786168667111679;0.17629746045470357;1
845;-0.17802030947382175;0.45484437246134557;1
846;0.13424858186183672;0.08503669238981451;1
847;0.44789264830322406;0.1317669048427533;1
848;0.5207253471655019;0.2326932858658872;1
849;0.2448341375929775;-0.05490680548187901;1
850;-0.04195158689680847;-0.10669452761283896;1
851;-0.3115281136594382;0.1459416804696851;1
852;-0.2588246134040456;0.6250065013323278;1
853;0.173584586794942;0.1417732360885674;1
854;0.42925086199025997;0.07003700585293626;1
855;0.3884365484991173;0.05846258871983574;1
856;0.01248068217674101;-0.09964832074400407;1
857;-0.2835332766858421;0.020649826098589896;1
858;-0.4009536621253692;0.27178464197600744;1
859;-0.2683232400146087;0.6363541006790603;1
860;0.0300952130334979;0.20707583649881178;1
861;0.17968690741555648;0.07347489838976091;1
862;0.11367098743814516;0.02033675665902647;1
863;-0.08866414410334848;-0.04203823860147849;1
864;-0.19249474344326217;0.0008154643022923042;1
865;-0.1853309473639005;0.1537515307456646;1
866;-0.08586529022284264;0.4019504281950471;1
867;-0.16484563915182365;0.5580755738999753;1
868;0.03537271357510804;0.27804601828328385;1
869;0.12836425736273693;0.15302658037768382;1
870;0.03369188841922226;0.09606973517783501;1
871;-0.10192462365835323;0.050736042770942055;1
872;-0.06401396617621193;0.06016860820044761;1
873;0.012396001895704258;0.1368300842348071;1
874;-0.01304498402591268;0.2243757466886269;1
875;0.18591983807836576;0.056608313115334846;1
876;0.5036807838937981;0.24584633052665372;1
877;0.5152934244711269;0.33077342751374594;1
878;-0.04944448461363942;0.24204171173410444;1
879;-0.03289270441471585;0.037273706496182044;1
880;0.3932013150002256;0.1017122246440651;1
881;0.8081051281030093;0.4243197216871238;1
882;0.5897617799431021;0.3115665155957058;1
883;0.20752724596363314;0.11315885563755047;1
884;-0.07591801348215306;0.09546069068769511;1
885;0.1500166381381957;-0.09394943339140008;1
886;0.5773329498154606;-0.007722519928488769;1
887;0.8288603420502575;0.17934255973727464;1
888;0.5779495907273522;-0.0006225000121279356;1
889;0.15859831583644413;-0.07265548876076074;1
890;-0.11714192233100654;0.16082319329644132;1
891;-0.1192653461536914;0.11119393402060591;1
892;0.10904409577104594;-0.07975407029448439;1
893;0.4417314753241577;-0.01936578974486973;1
894;0.555787372193734;0.07546079118592214;1
895;0.36838840321999133;-0.09146275069238026;1
896;0.05698119479102365;-0.09689230788170229;1
897;-0.20327529846145276;0.12911056165141432;1
898;-0.23822957501543468;0.6382465699792714;1
899;-0.030192073958557508;0.12361940922299562;1
900;0.27165670052167673;-0.060910641490715775;1
901;0.5502349630783219;0.11948932376607051;1
902;0.6305865526773802;0.2854512595811214;1
903;0.34608449430747884;-0.020267434516614835;1
904;0.022288614161737524;-0.10805421841927586;1
905;-0.2857894422472326;0.12016186792670812;1
906;-0.12903029401872776;0.3424079485499125;1
907;0.1814079104614514;0.033666041412195535;1
908;0.4416072228059357;0.1252554833226195;1
909;0.46992984059911763;0.1496627029211924;1
910;0.2213044725594402;-0.14718059418217824;1
911;-0.09513111142294234;-0.17840263014105526;1
912;-0.3036492846087955;0.08026841736095289;1
913;-0.19687354095769077;0.5093371106276778;1
914;0.2133249377231157;0.10423390131919909;1
915;0.4145155501448433;0.0492097488934226;1
916;0.29428642999217447;-0.024196755857509432;1
917;-0.0149290329952394;-0.18531690503298226;1
918;-0.3149032332315048;-0.04138780833297272;1
919;-0.37628048216560717;0.19244873125337492;1
920;-0.20358093312633738;0.5585400040597741;1
921;0.0740520607460462;0.1436677530305579;1
922;0.20700042526412737;-0.006629695979341932;1
923;0.06583018373017911;-0.1038127224352355;1
924;-0.10264676547545248;-0.14633239510756882;1
925;-0.21785109731354318;-0.06702036953353882;1
926;-0.18034346408517396;0.10627587006765182;1
927;-0.10746984892413333;0.37576335128960736;1
928;-0.11842718044386487;0.5005158899095326;1
929;0.06229420333335106;0.22280029701122628;1
930;0.12808719332640556;0.07101126770011708;1
931;-0.007327519732786426;-0.00016486008097717914;1
932;-0.09156958019587985;-0.04290576744336024;1
933;-0.05311823677914712;-0.02249953844826084;1
934;0.038349058435408194;0.07221347665903136;1
935;0.03801887498060018;0.11469239388860208;1
936;0.27680125707211733;0.00835105107860512;1
937;0.5762906171288583;0.19348604529095856;1
938;0.5410040023676376;0.25500472652305073;1
939;-0.05607325626192993;0.13656599479322293;1
940;0.030129477060959572;-0.06515441436117587;1
941;0.5131684987721092;0.03134656485971399;1
942;0.8531781155479994;0.29821200654007907;1
943;0.5804421036520663;0.16396494712058174;1
944;0.19684071132923167;0.001689485325137574;1
945;-0.09878659553357497;0.18117208470123508;1
946;0.056174108651598914;-0.054646117416276764;1
947;0.4895038009230089;-0.016070668124112508;1
948;0.7743290099991651;0.21368383938940727;1
949;0.631778142142814;0.0960536930489469;1
950;0.21435778470663142;-0.024071831824934747;1
951;-0.09167573828121381;0.14526114816029856;1
952;-0.14574394963160917;0.19886761021979532;1
953;0.04330295017872558;-0.041385173736053535;1
954;0.40994646474820995;-0.030629868193493004;1
955;0.5516689093587821;0.10493417023015184;1
956;0.4048875929906187;-0.02898737056176595;1
957;0.10551333304145546;-0.0673488505278719;1
958;-0.1827743211862515;0.11124258280241756;1
959;-0.1728842394334894;0.6963111450297131;1
960;-0.09545004825486303;0.23812069518883466;1
961;0.19904336389747526;-0.021336965439716235;1
962;0.5315441511498147;0.07798983298526048;1
963;0.6937917816363445;0.314131223907194;1
964;0.42318314661273665;0.016082183130685337;1
965;0.12754831598934357;-0.10883223917746566;1
966;-0.26795345569306167;0.11648715827589029;1
967;-0.19054733436797705;0.47245755423272273;1
968;0.11384373858432746;0.08419506861398657;1
969;0.4128070786290042;0.09207745705791046;1
970;0.511949585011619;0.19387443058002232;1
971;0.24229448133185771;-0.10717011285436838;1
972;-0.03242344507347535;-0.16077415954199079;1
973;-0.30754160708123907;0.08393568209026764;1
974;-0.2846946181752094;0.6645778959808804;1
975;0.16390742125197205;0.14904638467332215;1
976;0.40998347431145826;0.038735848993727826;1
977;0.3738626105412844;0.022908381218858714;1
978;0.029923944343773934;-0.15010400926408685;1
979;-0.26492107121262815;-0.027657489833270432;1
980;-0.40879405738705904;0.2355844513236842;1
981;-0.2824442913200549;0.6644256101733399;1
982;0.02006746150572436;0.22107366368330697;1
983;0.17966206460856185;0.042928969092745656;1
984;0.11172299981936129;-0.014484557311544285;1
985;-0.08150966661226441;-0.094868576402968;1
986;-0.17574482761518148;-0.03276529102389414;1
987;-0.17983944773342736;0.12423768075229519;1
988;-0.0776305566765455;0.34741314715702054;1
989;-0.16155637245175797;0.5589123972092338;1
990;0.04591208722447439;0.2709555749120537;1
991;0.12605036308332843;0.1147828192999827;1
992;0.045068618146896444;0.05115454665643637;1
993;-0.09359775512262643;0.021923856700197163;1
994;-0.040511353815662135;0.03243959822064332;1
995;0.03396192846871688;0.11172346609464939;1
996;-0.012211133971516751;0.1731496498161801;1
997;0.18663777237610882;0.014087759425597063;1
998;0.5205236690395737;0.2031687763614861;1
999;0.5542432420970388;0.31196732996634524;1
1000;-0.025736105139715033;0.18419698101507256;1
1001;-0.03365766340721433;-0.012401816935659152;1
1002;0.3839052079761222;0.038267468513565994;1
1003;0.8106592044365983;0.3354029484959662;1
1004;0.6233130828908169;0.245953964375267;1
1005;0.2425755863511969;0.046015400174586635;1
1006;-0.07107908847638883;0.09001718610791755;1
1007;0.1555235839102734;-0.08074950170438142;1
1008;0.5790894498489069;0.02463843053255435;1
1009;0.8013964742943006;0.21183058523385673;1
1010;0.5616300702078334;0.03943851401490195;1
1011;0.15605144942259302;-0.02218909952999011;1
1012;-0.11338156678422248;0.2083602549524568;1
1013;-0.11843225466737484;0.09864083044817595;1
1014;0.13000277026911944;-0.08678107840881324;1
1015;0.4625465322496564;-0.010574138158489788;1
1016;0.568515020963035;0.08435529767649369;1
1017;0.3698137877200659;-0.06926623126375867;1
1018;0.06661056060646603;-0.06779922847343317;1
1019;-0.20935945948798712;0.17387606072255926;1
1020;-0.23901465143162676;0.5999212551485742;1
1021;-0.024461537405874197;0.09938869679798401;1
1022;0.29117569398586185;-0.0717920690743751;1
1023;0.5926458190843368;0.12092677062659032;1
1024;0.6587475953458174;0.258592354313672;1
1025;0.3702734833575247;-0.0235318410316388;1
1026;0.0421671474720392;-0.08767522955228257;1
1027;-0.2847911326492589;0.16861104183836945;1
1028;-0.11709282927190018;0.3094708458338628;1
1029;0.2092932858103882;-0.004428239278508314;1
1030;0.4886235765481336;0.10004972067919668;1
1031;0.5061803134368738;0.11535851444406137;1
1032;0.22647083958847;-0.1405645489517795;1
1033;-0.0931671155071443;-0.141824326650642;1
1034;-0.3011879728591813;0.1245364253681678;1
1035;-0.16071224168456116;0.46353020096794617;1
1036;0.22733025297105947;0.052526573727691345;1
1037;0.46534956253313287;0.012034523685991283;1
1038;0.350125353315617;-0.05941425973807003;1
1039;-0.019857455627138497;-0.1522670304733319;1
1040;-0.32376810991697735;0.011245676368142818;1
1041;-0.37641678386718935;0.24011594506654813;1
1042;-0.19413785308435005;0.5098275656354595;1
1043;0.08988645039542106;0.11333746433078293;1
1044;0.2184880683552719;-0.01700157081842489;1
1045;0.0901225065513793;-0.09632306616966622;1
1046;-0.09035367654556656;-0.10640977710373009;1
1047;-0.2158018898004374;-0.0173987784655191;1
1048;-0.16970050551144222;0.1497481958674604;1
1049;-0.10162166965889816;0.39441612381643076;1
1050;-0.10656785759557931;0.4648564861732073;1
1051;0.07993300094692743;0.18860854769683771;1
1052;0.14721160276126627;0.06305432115545692;1
1053;0.013508814666773977;-0.001751773376277882;1
1054;-0.08745030359432637;-0.00649483162137713;1
1055;-0.04608723717359693;0.016993766708707714;1
1056;0.03365532570415755;0.11169730538483075;1
1057;0.03986751900249524;0.12644880151276103;1
1058;0.2631232545718045;0.034181390502823386;1
1059;0.5630415058286241;0.21812487643999875;1
1060;0.5193572875684112;0.2869464143343443;1
1061;-0.045302251079676635;0.15320331836452994;1
1062;0.03942743450411839;-0.04395950088326532;1
1063;0.4979617904709462;0.07968716837360774;1
1064;0.8293195504957575;0.3468207019476019;1
1065;0.540478093451864;0.2104101179507611;1
1066;0.18427257043768253;0.05120795818502012;1
1067;-0.07632958886636562;0.07582413445791833;1
1068;0.1393102148277698;-0.11778590725141515;1
1069;0.5567534432006559;-0.005763682068317608;1
1070;0.8201517278351077;0.20041773983433553;1
1071;0.5559104348689574;0.02948715607051161;1
1072;0.1585884481892394;-0.0580624423105445;1
1073;-0.1163758743291304;0.16188586164180802;1
1074;-0.1188454370573736;0.09090270949695137;1
1075;0.12175065176241465;-0.1144008693864239;1
1076;0.46787483512193845;-0.05308309323008084;1
1077;0.5741851014794311;0.051057806637344244;1
1078;0.3818525683094913;-0.11023266799307568;1
1079;0.07633098807144476;-0.11553268985305562;1
1080;-0.20215185277878803;0.12302651369696269;1
1081;-0.2265054300702953;0.6135186704237965;1
1082;-0.029176699231184086;0.11171041667382453;1
1083;0.3138722395818899;-0.08606870812820674;1
1084;0.5898755253390923;0.07611502385237953;1
1085;0.6926360841218548;0.22732805929669953;1
1086;0.39224790573462454;-0.0736939728691965;1
1087;0.05875257045443702;-0.1392288873635748;1
1088;-0.28585260359231474;0.12082482506581538;1
1089;-0.13249504764742764;0.3422304935603916;1
1090;0.2078921248846104;0.009289285068406747;1
1091;0.5037593964016949;0.08189400675103684;1
1092;0.5123566554034588;0.10501318410189471;1
1093;0.23908371876340578;-0.18544882527299902;1
1094;-0.08543167090586729;-0.18889648120832514;1
1095;-0.29572445051474866;0.08149276764490518;1
1096;-0.17642691546803874;0.5145144892098898;1
1097;0.2598745496766489;0.06673981894166303;1
1098;0.4760780814926035;-0.002337107181747927;1
1099;0.35309222708641963;-0.06701964306306721;1
1100;0.004226906628968505;-0.1996375444632728;1
1101;-0.30502152033315416;-0.03968778254781809;1
1102;-0.3767231171433224;0.20593742365566584;1
1103;-0.2020666075800016;0.5654719216302946;1
1104;0.07796844111319753;0.15105460968121917;1
1105;0.21210254609232676;0.003477567471256271;1
1106;0.09299430161263618;-0.08651767349945172;1
1107;-0.08641963303737071;-0.13958399023207463;1
1108;-0.207237713224258;-0.05773689611748563;1
1109;-0.16780474241478885;0.11138764930819965;1
1110;-0.09367043507675224;0.38618577778068675;1
1111;-0.11961750367297035;0.509502707632129;1
1112;0.06319891242414787;0.23195445000003884;1
1113;0.134781668727055;0.0977402797587896;1
1114;0.007677463079161322;0.025509831085919976;1
1115;-0.08730208645703655;-0.00794866472602668;1
1116;-0.04876772369053138;0.00592583919653978;1
1117;0.04624144708073864;0.09878074514601395;1
1118;0.024480641018035997;0.12252428201863007;1
1119;0.25482586833527043;0.012098215274673502;1
1120;0.5890715165892382;0.19558023265864038;1
1121;0.5536941189151797;0.2675956060751622;1
1122;-0.051642001868998685;0.1338935314984901;1
1123;0.02480528722742839;-0.07193215233679882;1
1124;0.4807672993422774;0.051657217326214463;1
1125;0.8316677421673635;0.33460104945261326;1
1126;0.5735876177945656;0.20366675825703084;1
1127;0.1953183165156803;0.02707053538820195;1
1128;-0.09903252870118859;0.21972287136555205;1
1129;0.07467502056520048;-0.02581229556063211;1
1130;0.5190416603170543;0.04380261323875978;1
1131;0.8197487086284924;0.26675114569268177;1
1132;0.6238344661926364;0.11159930800257596;1
1133;0.20124221589337565;-0.02585871521501301;1
1134;-0.11008819533393778;0.16816721614940122;1
1135;-0.15028830677024363;0.23601747997988615;1
1136;0.043855444432931386;-0.01107560100064571;1
1137;0.41722913899109887;0.028252007292858275;1
1138;0.5845683358108756;0.1299459652385715;1
1139;0.42968866000183076;-0.005857574078703229;1
1140;0.10566634589803044;-0.08229450472476652;1
1141;-0.18931874875163682;0.1344095381783662;1
1142;-0.2140987902776213;0.7566933651000953;1
1143;-0.06951491794874665;0.24756991064204303;1
1144;0.2209612151285914;-0.00046225495032092834;1
1145;0.5485417938456113;0.14013354960540783;1
1146;0.6993530754202744;0.3312700429988879;1
1147;0.42760234863569774;0.04111300524114417;1
1148;0.10528022430041642;-0.09160170876306142;1
1149;-0.267649891681784;0.13486635160044955;1
1150;-0.16142850724079366;0.48243999612229915;1
1151;0.15920317644628174;0.10978663531200647;1
1152;0.45132336549018215;0.13466597445855907;1
1153;0.5452697840801214;0.2238342215136035;1
1154;0.2691522267663531;-0.08779128771847473;1
1155;-0.021078069924697324;-0.14353156812910006;1
1156;-0.3077649164405329;0.10507178859051414;1
1157;-0.2634298580505451;0.6636243203584158;1
1158;0.18445289894853073;0.17368441433913495;1
1159;0.4106498710376659;0.10181367750181214;1
1160;0.35071160260789147;0.092699567655573;1
1161;0.015331802321467906;-0.12189555451417043;1
1162;-0.2676533228688939;-0.026478581600824183;1
1163;-0.3997992013220346;0.23106078428850002;1
1164;-0.2796380113174294;0.7050974717957421;1
1165;0.053889548351678966;0.231965657015824;1
1166;0.2177570881916521;0.04813124178851183;1
1167;0.14117234874506612;-0.016363938966322836;1
1168;-0.07654593333495183;-0.09853950644651388;1
1169;-0.19516192561186582;-0.025112746071184456;1
1170;-0.19817087767651742;0.13317115410500913;1
1171;-0.08975839377569858;0.3849558858114336;1
1172;-0.1831203892478599;0.6190762650325332;1
1173;0.05621657070350661;0.3007609557367734;1
1174;0.15395409097855403;0.12961084876966456;1
1175;0.0696446187771514;0.06186670787648594;1
1176;-0.08744257392973763;0.022295030046969522;1
1177;-0.07006803251702548;0.06107376555661515;1
1178;0.013731108734640748;0.13369913674771983;1
1179;0.005745180200801871;0.2694172229364207;1
1180;0.22306145306602632;0.06320082076681263;1
1181;0.5517815365415949;0.19176974417276596;1
1182;0.5691866619999985;0.2926194469940243;1
1183;-0.04222553147734527;0.2763149811339265;1
1184;-0.040831931280281855;0.0491369763713535;1
1185;0.38748906889769197;0.08594485010661296;1
1186;0.806452651631883;0.3873759244861364;1
1187;0.6102400063296013;0.29516878460713136;1
1188;0.2321627950739228;0.08170894066321496;1
1189;-0.10696437705180241;0.24745914188095544;1
1190;0.07281048475029969;0.0064007542910330395;1
1191;0.49748936250409836;0.07006825683597379;1
1192;0.8078663394265042;0.3277938868246974;1
1193;0.6126228980264317;0.16510283499743467;1
1194;0.19392636378354536;0.031050125195637462;1
1195;-0.10639294194745133;0.18511628934973376;1
1196;-0.1673961074250364;0.2752019151539803;1
1197;0.033890923253233736;0.021150654127525738;1
1198;0.4133791950644233;0.03341643816504765;1
1199;0.5826964814279025;0.1650892112341788;1
1200;0.42531778738878934;0.028600127209280665;1
1201;0.09511263286532387;-0.03601814144384242;1
1202;-0.1885067994474437;0.14950809081376248;1
1203;-0.2219024945607481;0.7684723248725658;1
1204;-0.09387772692785534;0.28092755335450054;1
1205;0.19671461661716688;0.017722591995689027;1
1206;0.5525471408472682;0.1291447158834309;1
1207;0.6846061727607764;0.3424234184384321;1
1208;0.41312526412881667;0.07101821762174908;1
1209;0.09758005125201949;-0.04397784412772997;1
1210;-0.27056368112027673;0.16686673971579782;1
1211;-0.17605166268615755;0.5070050719971835;1
1212;0.13613810332908177;0.11677472505354286;1
1213;0.42278652490190155;0.13953249189350547;1
1214;0.5334227488451053;0.2435123410890176;1
1215;0.2641255385710176;-0.04270291937088701;1
1216;-0.023231178037838876;-0.10118060454295129;1
1217;-0.30611431858898996;0.14049740397310856;1
1218;-0.26599240438152305;0.6916110399461759;1
1219;0.16163905423788397;0.18713959525229018;1
1220;0.42073124854823135;0.09550378385501085;1
1221;0.37987333015687846;0.08563520458300433;1
1222;0.02791701787302537;-0.1058970117692711;1
1223;-0.26705277817115214;0.0017995689481381666;1
1224;-0.4033644120168234;0.2709060248062246;1
1225;-0.29666014926139084;0.7251477748594961;1
1226;0.05930506967874174;0.24852734498628412;1
1227;0.20457448906933104;0.07584375458309639;1
1228;0.13258190257236452;0.022240436147141267;1
1229;-0.09704158817204266;-0.04132237016405843;1
1230;-0.20924065384778068;0.015305508434176787;1
1231;-0.2095667827472204;0.17820743296489006;1
1232;-0.10853074850673716;0.41716691244015847;1
1233;-0.1896306306491164;0.6306585141146799;1
1234;0.035768643212837334;0.3231077512196697;1
1235;0.1297745943532042;0.16679570813466232;1
1236;0.04812698456038318;0.10417748592079035;1
1237;-0.1070151028565077;0.05512312690793735;1
1238;-0.08296971220668267;0.08172134290073467;1
1239;-0.0013039372969341732;0.16633704919781073;1
1240;0.00709456815786514;0.287806163525127;1
1241;0.19671301385749018;0.08406432115311195;1
1242;0.5043451912828154;0.22875432058093867;1
1243;0.5183229058450837;0.31765583398263864;1
1244;-0.042589837886593825;0.2952092677007512;1
1245;-0.04015563809583416;0.08473611523397895;1
1246;0.383325409002395;0.10725555288615551;1
1247;0.8017799688866987;0.41332165101690366;1
1248;0.5971780535389197;0.30826838340280127;1
1249;0.23126731006957846;0.1087565734224568;1
1250;-0.11216445342959007;0.24670224232998783;1
1251;0.06335013918039763;0.00991536446892756;1
1252;0.4947107817456251;0.08467791749492862;1
1253;0.8023255620743672;0.3263194355442571;1
1254;0.5946086909300278;0.1663374647050293;1
1255;0.19296830634257708;0.02878408019141876;1
1256;-0.11054437961394252;0.1987433230724851;1
1257;-0.1598262903268955;0.26644977462601865;1
1258;0.030512905949347083;0.017594773398586453;1
1259;0.40642685330873496;0.0492060007067895;1
1260;0.5673555536500144;0.1769763202299469;1
1261;0.4124892855374644;0.03762615710244359;1
1262;0.0901721897730549;-0.022907908020932108;1
1263;-0.1998876099294739;0.16804413829449183;1
1264;-0.21827829915908675;0.7629668025327057;1
1265;-0.08774584519117087;0.26212592334903373;1
1266;0.1935605231411734;0.010922773094346638;1
1267;0.5322831017616451;0.15057498704096892;1
1268;0.6823232564109657;0.3783860027766643;1
1269;0.4045736096576844;0.09993264421161967;1
1270;0.08442669863963244;-0.027593027375743845;1
1271;-0.2798780967165055;0.17209315198585018;1
1272;-0.16935187833839258;0.490122128813183;1
1273;0.14731827275005305;0.11108224285311138;1
1274;0.4502949525023512;0.14025981925162465;1
1275;0.5365154414753299;0.264111614686771;1
1276;0.2684491749295945;-0.03307985309658301;1
1277;-0.02736098162836465;-0.09363865864842112;1
1278;-0.3050453015786865;0.1415034426504772;1
1279;-0.2692612659773656;0.6746579471291758;1
1280;0.169854821934254;0.17132101683288556;1
1281;0.42496785520384334;0.09187498288698111;1
1282;0.37774300657326787;0.08694062370336894;1
1283;0.03735611301371668;-0.10322989190445989;1
1284;-0.26494354362567396;0.009578525083589126;1
1285;-0.39598001321981047;0.26038774365687517;1
1286;-0.28641591800421007;0.7145687634733837;1
1287;0.04875544951522421;0.24689477299573168;1
1288;0.19517213635519287;0.08976378762270995;1
1289;0.1382442294252027;0.029695016368923105;1
1290;-0.0915266226116266;-0.03518265491304903;1
1291;-0.2038381170147901;0.01632981934771157;1
1292;-0.20599243855645205;0.17091603057770816;1
1293;-0.10188975030074685;0.39919829918156857;1
1294;-0.1897414226649332;0.6222610999667191;1
1295;0.05018340376328889;0.32056087668340155;1
1296;0.13293820648261984;0.17215918821141712;1
1297;0.04921910079325792;0.11133337145221141;1
1298;-0.10572293122580756;0.06500718179451778;1
1299;-0.07638156710652064;0.07099794343887515;1
1300;0.009304619708792993;0.1487599815643749;1
1301;0.002647799343207295;0.3002861139971301;1
1302;0.19774896092373748;0.11175941915940821;1
1303;0.5073975588301634;0.25702818390127397;1
1304;0.5111555313558823;0.34390358795805676;1
1305;-0.045986978934075357;0.2971217374487113;1
1306;-0.03996021625673296;0.09119067288292415;1
1307;0.3692054728710739;0.12028417034259833;1
1308;0.7827093548112352;0.4311576844725197;1
1309;0.5739860751487937;0.32926780570436165;1
1310;0.22178349317426382;0.11787343806312153;1
1311;-0.09805141628660557;0.1202533999723073;1
1312;0.08063497914937164;-0.1098582015511968;1
1313;0.5142682399968546;-0.017942818885596734;1
1314;0.7994400258046567;0.22476233990125813;1
1315;0.6212878430916162;0.07633812052643935;1
1316;0.20600304484849133;-0.06087169320616778;1
1317;-0.10514093086099174;0.11771373660008952;1
1318;-0.14303958807637868;0.12966784802240602;1
1319;0.05590405664996389;-0.10519357113799145;1
1320;0.4156053928271422;-0.037948982442543105;1
1321;0.5793470819758803;0.0867072865209187;1
1322;0.41906426830335697;-0.04626925003952548;1
1323;0.10630666691887256;-0.120315295035034;1
1324;-0.18589242562709313;0.08042675376154837;1
1325;-0.1909879997470236;0.6459825471047546;1
1326;-0.0676720859930487;0.13486000558405986;1
1327;0.20720159879115063;-0.10283759663885504;1
1328;0.5600181609244548;0.06324038617566766;1
1329;0.7066592541459585;0.2865284058438208;1
1330;0.43164059362742063;-0.0030813209647125167;1
1331;0.1031487589532241;-0.13595185479116823;1
1332;-0.26961707579170424;0.0854824615952528;1
1333;-0.15274623476398314;0.35283223384545126;1
1334;0.13720060788253394;-0.009546727583504333;1
1335;0.437128703794434;0.05337170751562039;1
1336;0.5700957238516597;0.1553396793320907;1
1337;0.2761922598433099;-0.14911818572815472;1
1338;-0.017258882767577838;-0.19744313256379703;1
1339;-0.30491085195284173;0.050899085126051055;1
1340;-0.25492597573813514;0.5541582754811405;1
1341;0.19310626830501124;0.061481709572863724;1
1342;0.430480062262054;-0.009181638138000214;1
1343;0.38891419185091064;-0.012448000502532752;1
1344;0.030639815405350698;-0.21133902707867497;1
1345;-0.2695669588235793;-0.07579986130873326;1
1346;-0.4056171574746061;0.18557365116873847;1
1347;-0.27562681580811954;0.6010824580271457;1
1348;0.05893153776062654;0.14654872633077576;1
1349;0.221372957485674;-0.011365313430728718;1
1350;0.14244099858602527;-0.07937203483134457;1
1351;-0.0879633308093321;-0.1428511867230745;1
1352;-0.19716052147165442;-0.06975011506779563;1
1353;-0.19740116582632586;0.0883106392357141;1
1354;-0.09127368802550731;0.3380567079615405;1
1355;-0.17071363717010712;0.519500447740642;1
1356;0.06468917634336749;0.22609026063539187;1
1357;0.16027061450948885;0.07277428766769879;1
1358;0.06697445627037085;-0.001773727946237244;1
1359;-0.09307155568440656;-0.03068198348621582;1
1360;-0.06724352476579129;-0.0021516901730267574;1
1361;0.021929186643265895;0.08094355688464763;1
1362;0.010098972132790991;0.16600182066058788;1
1363;0.21536342040054252;-0.013500447667133195;1
1364;0.5296426246144955;0.16306721536382118;1
1365;0.5460443828941846;0.2676568089135425;1
1366;-0.04000897829870541;0.16294071901953777;1
1367;-0.031888850231119446;-0.04922969471439153;1
1368;0.38493623517781966;0.024168226261927106;1
1369;0.8197360155012163;0.35934165482830815;1
1370;0.6071091485574018;0.25570607905278014;1
1371;0.2331386276002891;0.03606735197045938;1
