F0;F1;F2;F3;F4;F5;F6;F7;F8;Decision
-1.668241881042143;-2.0545967019959326;0.0649083085233583;-1.7124817008105004;0.009364143887762;-0.4796056910589146;0.7303320623564644;-0.1103403489305225;-0.718496314956509;0
0.8239403119477345;-2.583635707940785;-1.9751177977523275;-1.3929897510355531;-0.3837513494350238;-0.7633130060184429;1.5358619511503226;-0.3064771911138061;-0.4891401858025621;1
-2.034094639713527;-0.748245339871413;0.8373535443139432;-1.1082022075668343;0.1200716138733602;-0.0625191628627243;0.2204609491240054;-0.1004070621333558;-0.3542525014509421;0
1.252374182275588;1.363326418480693;-0.7403565666098912;2.6702229900556205;-1.9341328247802927;-1.2419418196619725;-0.1640944107939582;0.5267519542214486;0.7756207017649553;1
0.0177555164614875;-1.845356762816272;0.3432500736335381;-2.7160449257235024;-0.2989406887142914;-0.2970125688534974;0.5905625297719018;0.3707708037207463;-1.042175620183318;0
2.449343448797976;-0.4212437561757425;-1.9059330840156608;-0.2596568287710074;-0.2549322556974193;0.7463424158615979;0.3791678313691087;-0.3486738671894978;0.3781812780107003;1
-1.020511739664724;-3.809940114032137;-0.0869571545307917;-2.989747864828044;0.0558037906535353;-0.2815719656456422;0.7531401051176307;-0.4444688090108236;-1.5894387559392045;0
0.7854132397619654;-0.0309638446146609;-3.367704676243529;1.994201522860915;-1.1590591023889698;-1.065337041787601;-2.404865712611077;0.4546744896257914;2.379392830910062;1
-2.9022286779859177;-3.2207836227940843;0.2375953209308274;-2.116894454287312;0.051350999254722;-0.2102160451494371;0.6237257917760499;-0.2082041218319501;-1.018511576138858;0
2.567771955102031;-0.012584113889701;-1.970378315133943;0.4484035313073554;-1.018172896520322;1.1057653583622349;0.5660794832059106;0.0618572203308796;-0.1660072551638473;1
-2.5931818178062147;-4.071213982139724;0.3534123811046041;-2.6662404760261267;0.422707440238265;-0.2136033385289652;0.7793513487805707;-0.1866720279128311;-1.4822924259127748;0
-4.643726984809888;-1.8942350293594423;0.0597061302498908;-3.4153881228404;1.3029410934464394;-0.9916834460790888;-0.9425691935655356;-0.1214539820192248;3.67986290349327;1
-3.3603765088844577;-2.710283319602336;0.6225845699396968;-1.6521219788594288;-0.1075353309931781;-0.2756265167633227;0.3339296756642376;-0.0887266525485422;-0.5013160848636657;0
-4.063760844152921;-0.9301138325815632;0.3764612102255277;0.8248069509043106;-0.6949930266316605;-0.9960628130485988;-0.6487608917924184;-1.7161454122287936;0.957735309727876;1
-3.867045972292359;1.930206252023968;0.5930545014503167;1.0945355216584487;0.4444924030365457;0.2998104170734735;-0.0639441726049412;0.0990229886866492;0.479093486784292;0
-0.128475945631248;-1.040159507805872;-2.648938370002088;-0.2059027854029024;-2.952902440599708;-0.4034389244295374;0.574840069170045;-0.0392958246290234;0.5965115971462298;1
-3.091852071029485;0.9562108007394629;0.5645474689867671;0.232018721777478;0.1535726345383606;0.0864505815248355;0.1563561024537506;-0.046224403929409;0.0737569192379806;0
4.595729874703262;0.0672498221757272;-2.229836312789376;-1.7675211909489166;3.223276260283168;3.180189370898366;-3.514426119550901;-2.1848557449943127;-0.350691947800971;1
-0.7045728830764415;1.3946716404228623;0.0551186866564318;0.6315890809860614;-0.0038129318703731;0.7703454175835637;-0.6156353309165856;0.0613896622939239;0.2960143495525356;0
0.5527713370328642;3.118817228893964;-1.7118966312552837;1.699081072344253;-2.736992749601663;-3.2857541591980164;-1.7215865168879263;2.032637372138826;2.930333577335221;1
-3.4808989505974;-2.0309409262773173;0.8182367858873901;-0.8626009292495622;0.260497780585145;-0.147425522462361;0.2945360510599325;-0.2532229801471217;-0.7141433625031983;0
5.115579776512687;0.7381873600838094;-4.108709542482836;1.7687267812208856;3.137254734025597;1.3171623297846156;-0.972084732598675;4.167461903874997;-2.068986012289959;1
-2.215500589385196;0.2713082141118439;0.5542103467878582;-0.3663025675258967;-0.0041800903029505;0.0614641814437257;0.2479519057144639;-0.2606235976819886;-0.6421865660026115;0
3.3059415497436127;0.4042796893006168;-2.7023647597678697;1.3234529157677672;3.870208214854516;0.2287425174912808;-2.952525144780768;1.6600050663530983;-1.5754277535315846;1
-2.8557540446841445;-1.2004266298062498;0.9380962091856224;-0.8712157136391605;-0.1099762950078873;-0.2292857661081037;0.1839736976373646;-0.0476894137121433;-0.4243306206397339;0
-5.105237234680975;-6.108595214663943;-0.4350808420801868;-2.3748350946672296;1.8011065289289905;0.1733188209422259;0.9501852379450584;0.7205796681359472;-0.8444412578292951;1
-1.9569324004575832;-3.404891229486101;0.4341373513436867;-3.0116555132806035;0.4227951814040879;-1.4796108914278543;0.0509515970862965;-0.4581355903604865;-0.4838565119007692;0
3.2475747566824418;-2.4117152774493507;-3.388550239467127;1.1621769850453083;-0.7971417294819106;-1.078201210882848;-0.0303515871295608;-4.512275678196156;-1.610965816364848;1
-3.0612567752448347;5.934756352765871;0.1159107116209628;1.8867599339977985;-0.1312118082054162;0.1549222302790293;-0.1327152448117487;-0.040006238614058;1.0252884772074844;0
0.1798407163957281;-3.676470263735839;-2.569133359326504;1.4746956218173453;-3.946801212562976;-2.499357833577584;-4.290777772389973;0.5023899747047745;0.0827415384062777;1
-4.133321636464935;-2.987263433107962;1.074518311608844;-1.4729664996818976;0.1657922998431848;-0.4570799118870748;0.1138776194692262;-0.0197520051506312;-0.061934982589344;0
-4.825991453052264;-0.1543713195908207;-1.2356230737321958;1.4438427689785245;-4.615013320606292;-0.7140872375670209;-0.8825731091802271;1.963372434566769;0.0856868061423434;1
-2.437817844918725;-2.5672113783113915;0.257321968245511;-1.6887396616120518;-0.0950186444780142;-0.1852067671660534;0.3878807703560658;-0.2544697378137468;-0.6945939282029401;0
-1.8339575543566464;-0.8136757199565758;-0.3784252202866269;-2.721871290739016;1.0899893790288726;-0.49110394368694;0.2204515384922394;1.0847391447285522;1.936042088902668;1
-3.9261921906053168;-0.5739250075197913;0.0688177702917345;0.1250100039702932;-1.5774719785972275;-0.2738447986922083;0.2457592000604486;1.6733301640560538;-0.2722366457269519;0
-4.12951698116972;0.8673901308543519;-0.8865174186965316;1.099141605104767;-4.309749412896742;-0.3153499313642234;-0.9691584963525364;1.5978555391942355;-1.4714298146028275;1
-3.598048819972487;-0.7564109773447999;0.8270233532673806;-0.3413302998009637;0.2049395475178873;0.0306043415794416;0.1391612223829518;-0.0511580640412997;-0.1791500939420697;0
2.258129374930665;2.6682948756969163;-2.5099194605282404;1.1498508165006198;2.9983508257881453;-1.4233428273094866;-0.7832802155221111;2.609857575184004;1.2171695279397343;1
-2.807402006885018;0.9901392318892988;0.4154202367798937;0.074856420518283;0.0673413150062657;0.2195711437400518;0.1214510716075887;-0.076471209672949;-0.006225338788334;0
-2.46391391952078;1.7655060371456073;0.1609045167253746;0.3928679837027451;-0.3194121082370151;1.5889968811477209;0.3802760905432067;0.6838570564122245;-0.8560465372128858;1
-0.9155464797617292;4.769209392128551;0.0771494758130856;0.5380629713012359;-0.4193921213207346;0.1647660814046716;0.1525085283138741;-0.3637203787276584;-0.1273119770572209;0
2.793981166295318;-2.9706035490631755;0.2191198752185379;-0.5100345303381391;-1.814032682723108;2.9413654212801443;-4.432181864926741;-2.5734738152270813;1.4109274653442856;1
0.2006595267929453;3.610404401457392;0.2741969125446864;0.6415567049267579;-0.3250174373598614;-0.1146774565501675;-0.0430700381403526;-0.6596859146965944;0.3354050644920242;0
-3.2306557261648585;-1.2921668643619384;-1.1047316401337397;-2.214362181774064;-2.323687760999095;-0.3409770317401026;-1.6975732100679632;-2.6021923345281457;3.3919133721703094;1
-2.95554271053492;-3.434178962409189;0.6459338426080774;-2.11463938022332;0.2236339219208855;-0.2558133253304296;0.5020328938025468;-0.1579842600089618;-0.8584667494012425;0
3.804928016403568;-1.2699722393181798;-0.6796450650491914;-1.1915330148693752;1.9010968601379312;-1.4577849413563937;-2.0074400589447463;-1.889247784229957;-1.2985819978418214;1
-3.4544983421570827;-2.0266354355016176;0.84528411995307;-1.0518405033734166;0.288434880081339;-0.146510190127445;0.2643018621195442;-0.085039957991813;-0.3782916545028787;0
1.2557842570168751;-1.7323499167808931;-1.4054499430571428;0.7436131614275422;-0.5651018244212028;-0.643061020651275;3.7671735495189296;0.0726162472147339;0.3635634043935677;1
-3.276607702675896;-0.9003106614090595;0.7165295010673507;-0.5195754948355239;0.1772369982986404;-0.0653528477103948;0.2026947404525793;-0.0790479920476396;-0.2039041848618975;0
2.361491278072525;-0.2015901143219028;-2.341171540770468;-0.2789375152889864;0.1438384474017726;2.3764035465481506;-0.7119163795878716;0.9926345673911438;-1.831399441014412;1
-2.878000478897181;-0.2041281189167589;0.2084486898502387;-0.4965833524749681;-0.1028432165136658;0.3659361747093076;-0.4689481380538005;0.5963416902567388;1.3972613315414582;0
1.13224597405701;-0.64386244159238;-0.4739066542605134;-0.2272033573266924;4.182127691771802;-1.0480161863239206;-1.1262020038708405;2.18310447777789;-0.6670241664355748;1
4.727933731970494;-3.028643050136476;6.0693237910429625;2.0513900125128823;0.7790345344099975;0.0228781934889511;-0.6714780744265935;1.2363247972260785;0.6553636656268036;0
2.09212983362126;-0.9849238385922388;-2.776624888471556;-0.2866394762245998;-5.979329870885797;5.460483762638482;-1.9792215171943053;2.3851370984620592;0.6610070026562846;1
-3.5030984662067737;-1.7434299366928632;0.9675185481003996;-0.6210961800232677;0.5364482003586247;-0.0945958533912073;0.2761155510762955;-0.1187210649167691;-0.1760297394211915;0
7.087488983251156;-1.9040712292046749;-2.46582716300251;0.1070468528445002;-2.691087813817779;-0.6067734889257791;2.638352370995922;-0.7608060978255575;-1.4481054182603907;1
-3.446633585016405;-0.9025973875593424;1.353655617601362;-0.5402058178927338;0.4343439399351818;-0.4950252817660013;0.3596000325990909;0.0849965479236438;-0.2201371892593417;0
2.6119556794604786;-0.9882984525622884;-2.069415363298127;2.2749350608243546;5.829968839294334;-2.6476154945929307;0.5402242554366348;-3.456979406218612;-0.603196452339385;1
-3.403982041877572;1.337957404562994;0.6138357339383786;0.7941700495695371;-0.0644197021927588;0.3188924834275473;0.162188799823549;0.0445199838521045;0.0996955620778473;0
3.642075634831355;0.8269321198377796;-3.0228946688315386;0.5608881635954679;-2.871679953856095;1.618373209177116;0.1207311548978579;0.2473791638798809;1.9139837565091733;1
-2.6031553489447217;2.6020200016212494;0.449784660739103;0.8512574586016096;-0.0029004550655888;0.2961902878724299;0.1982393726776908;-0.2096986594344302;-0.1261542418296876;0
1.429622059800246;-1.7573008017346514;-1.7982536913925873;-0.5140877898192644;-1.5300195742328426;0.8553004779658648;-0.3957554616031679;1.4523870969516028;0.4935726419634113;1
-1.4470767360477672;4.31915813323012;0.2488117202228517;0.9368648988115148;0.0104541774228855;0.3054114069322057;0.2536731785161378;-0.3108411913201344;-0.1995074264997717;0
1.6923152694457857;-0.0884627854013591;2.0278345190553826;1.0829585186653017;4.608385287135079;2.325082922973174;1.2894704044266807;-0.8314110656786767;1.6497973570978846;1
-2.8921053192309776;-0.4753500265197775;0.9303692978459652;0.7540965566824597;-0.9275863091439536;-0.2934896531366849;0.1441435896204518;-0.6446467374916296;-0.5886774756922163;0
-3.2258152418010573;0.8350045725354226;0.7782523696145144;0.2022953842035333;0.1494399928540956;-0.0738593117751933;-0.9267088338396786;0.1901027237706708;0.6333193263585974;1
-3.4479093543225017;0.0807422221710147;1.2080496688053382;0.0905950601830548;1.3142433821234516;0.1049133330102605;0.1268598800650378;-0.2989216157843007;-0.0312853244478414;0
-4.153935937999525;-0.0053233499576901;-1.1071205166205598;-2.507373964893254;0.9817979082310532;-0.9729787824601837;-1.4989869851588142;4.632778619973265;0.4106714068137053;1
4.377822022489045;-2.9285170021191003;4.821622695604999;0.652774549113021;0.2721274721413987;-0.3560067499355038;-0.3542487538953514;0.6866592826920563;0.0454337232905928;0
-3.519447691008476;3.086361632134925;0.3768096708831704;-3.359799809731396;2.649580288370521;0.2514332229020214;-0.7659774064669894;1.1744544499075644;4.426193790822172;1
-3.338506870647852;3.967721701549568;0.3889828557175082;1.7968154079095198;-0.3345339829125155;0.2678291350915655;-0.0655636288513245;0.0138876228684737;0.5182685050472259;0
0.254182647835057;-3.6445700721009127;-1.5506162337158154;-0.8154915107394016;-1.35335748034424;-4.070070658470168;-0.6974904958562296;1.955909936334666;-2.1800510683399383;1
-1.180668344644847;5.266948484793888;-0.0125349337202429;0.9248311612699665;-0.3468480553684647;0.2351739303925134;0.2467907579319306;-0.3897525795675566;-0.0977863130261756;0
1.7341157289570817;0.7549789933791428;-1.4037399941832231;0.8379310114870475;0.289756561580975;0.7135780750612242;1.3626888635640642;0.7363536738148507;0.6580735630483062;1
-2.3709732922373083;4.222066574033335;0.1475083402572609;1.080030228773483;-0.1000260532887533;0.2615131695049398;0.1029155313293611;-0.3309358031240607;0.0364649665297942;0
-2.083524479440892;-0.9422256642338572;-0.0444162696302531;-1.9158830306970889;1.886864601177684;1.038634703559267;0.3945961531420474;5.136845863626911;0.5222096786510178;1
-2.3102535351532856;3.778574578755692;0.2517916036206246;0.8734341574400932;-0.177430245464698;0.1705061894139313;0.0974091782079158;-0.3063717681754333;0.1423632109882603;0
2.430215282042812;4.8409536707284015;-0.0267178123205897;-1.1113887476482078;6.430242192807445;-1.738486124184901;0.027058114871131;-0.920636790786014;-1.2809367545832566;1
-0.8075793585540012;7.380456940179617;0.4300837585715611;1.3146310390928084;-0.1124714109835737;-0.0739487393003967;0.4366626012121659;-0.8440809608987092;0.1511854367590879;0
1.921193656744376;2.951588375840429;0.3725478758592708;1.6974572281323614;6.320195055317431;-0.9644034057443768;-1.7108197089474138;1.218717844336522;0.9457708695595016;1
-3.902624850192182;-3.3707650613075044;1.501467543270874;-0.8447351283608873;-1.2829143405995345;-0.8127506223611966;-0.0628937101202936;0.6441742432401435;-0.7411864762546402;0
-3.530306576783174;0.0128250739586081;0.7380167543783978;1.2578507034225297;-1.3833338750945288;-4.989557793404796;-3.217885183595865;-1.274180884730701;1.5957898687012229;1
-0.3863217971973465;4.847863966321982;-0.1776582207933938;0.4791012911344101;-0.4525402570028368;0.1787346228555965;0.1946558669480321;-0.4396525592034133;-0.1502740149982505;0
1.620346046230076;1.9515779250865068;-0.0991381557925204;-0.7576434538766259;-0.7960528101202788;-0.5533562743958857;0.0639979245981665;-0.1557464789077701;-0.2336270946320432;1
-1.74475175519604;-0.2157160916631704;0.2257968808899046;-0.3819734759383749;-0.0786397507346561;0.4061895879453293;0.2730892738681401;-0.2913411931805332;0.012051067473382;0
-0.8634455317657043;0.8406119757394248;0.0512755367125561;0.7735931489785934;0.0026979321859333;-0.023288469206283;-0.4660466534732879;-2.123819606893229;-1.4646121074777183;1
-2.1634225985243174;-0.5307431342072226;0.2749980292149669;0.3530093420900035;0.1133231209578972;0.335485005511332;0.1239013890311204;-0.1299107219795265;0.0088258192305376;0
-1.6050930760909403;0.878366905456452;1.1559694964607083;1.671993702793506;-1.1509019007574184;1.1736918440387465;0.1012119815202644;-0.2753964986156118;-1.8624329183817496;1
-0.5682340475231731;0.2554973756577551;-0.5631760549649895;0.4852572653018646;-0.0663556107613168;0.4668042719215312;0.3117952991138693;-0.143763642118885;0.1713188212547901;0
3.675563859573888;0.4803489230763554;-0.1592985342645772;-1.5234512037438477;-0.8217952541822952;-0.1148094266818054;-0.3893912035320433;-0.7461831056779624;0.3773702524520215;1
-2.333507242360826;2.8375326195247355;-0.025701450028466;1.3812535852574668;-0.9444361267758278;0.1696321764523634;-0.0685052040548541;0.1371037955464976;-0.1408379827475873;0
0.1872052952820511;-0.5637954496635252;-2.137265538772376;-2.1768021424042816;1.3578701792386914;-0.8545371521030666;2.473804947878884;0.6573753523244223;2.9361617351859324;1
-0.4166730438151342;-0.323861749545911;0.3556995604740672;0.1493199255198878;0.0652939961140251;-0.166375731851596;0.1451574532371668;-1.0660754714523373;-0.506392165507439;0
1.0066100767686927;-0.207432261448225;-1.8536470232580071;0.2629593102444219;-2.1520959155724784;1.8890279627471107;-0.4319157594697683;0.7328298244482634;0.6143651610931843;1
-0.5353463098321828;-0.3951817987181378;-0.5111501172593403;0.0499114303883603;-0.0398118087347368;0.3827786065305171;0.0681520021323055;-0.2128623803614621;-0.0103248582250745;0
3.9368294291018233;4.398653747762633;-0.7464292941833994;-1.696405874683572;-0.524570419411563;0.3957985784228645;0.0153445268501919;0.0562903013516245;0.6740128649945578;1
4.086807278443104;4.503063853727392;0.7585480474539678;-2.706008891250296;-0.7351057406905636;-0.5351489043190218;0.0876391602306149;-0.3603884654892945;-0.519293417337664;0
4.999102851592727;3.701243498972506;1.5250037428786478;-3.442091706170314;-0.8390091957928639;-0.74229816244467;-0.1120334687403032;-0.1026059723930723;-0.5228850449054435;0
1.9293926430287789;-4.427662528122797;-1.2942854809697046;-2.5008914505729702;-2.838833255096475;1.5381732564401391;-0.0494030209831081;-2.234939159613634;0.6830160140695372;1
-1.784097833140577;0.7152357205464375;0.2469147085254049;0.39952896325102;0.2209143505180715;0.4006893532672206;0.0103121345169597;-0.3750217747200004;0.1400614627764293;0
0.6875647821394989;-3.822478874241305;0.180306514406858;-2.779401948673065;-2.091887262391806;-0.6739742829661243;0.8804339663654309;-0.0881495213765791;-0.0680668071220112;1
-3.842006532960714;-0.960651809110184;0.8542814481217654;-0.2274117835861083;0.2884651831880719;0.0397238126295785;0.188785737786662;0.0590660562595165;-0.0328550716444128;0
2.413677377378752;-1.215218504739365;-2.551435360517833;0.1854003889173376;0.6533659216718791;-0.4488846656622913;-1.472411711071684;1.02766188962767;-0.0222862846341146;1
-3.477261651351791;-1.6084879010868158;0.4057001335469284;-0.5663776754864485;0.1102420031308356;-0.0262617776801023;0.4129997249265875;-0.0617944592990282;0.2420626877977032;0
0.3871569894977079;-1.806985155942486;-1.6401839303744248;-0.8795872690635903;-0.3150082634378228;-0.9601040012414416;0.2301233856200592;-1.285649129769691;1.118811837135563;1
-4.0374575222581175;-1.6667690202367371;0.8086404616525216;-0.883538569078529;-0.2512346335899802;-0.7052507467303303;-0.3540803879959319;-0.0802500190253933;0.9627608842984624;0
1.695948317839599;-1.1307969811169984;-1.4332304372606202;0.5497285408614049;0.6674272570762365;0.192818536242484;0.4719957997523426;-1.4103725851022917;0.493424524435109;1
-3.417213246011451;-0.75604938304402;0.4811892263690013;-0.51998617422017;0.3662473866048207;-0.06850363072312;0.3959777912892142;0.2244236592673164;0.3105026821949999;0
2.1092413403747616;-2.4237622184725125;-0.0561405204508757;0.0121272853036721;1.3184245398476158;-0.537911444844264;0.3683483087044414;-1.1198628209283703;0.3998732204069199;1
-3.603887339774415;-4.964702256942145;-0.1162133501177991;-2.5294210790906413;0.1656938690373279;-0.6755646025903251;0.93187250037438;-1.0836900402962777;-0.4492116317602213;0
0.4645636552384086;-2.4966515920098766;-0.7683156644926157;-0.489986290213993;-1.5236801458082707;-0.824989421145343;1.0127185880294374;-1.7253645420889947;0.8475262581400707;1
4.0784279355860775;3.6239232362353775;1.1941652272803265;-2.680748498975684;-0.6825050918569048;-0.5708923513823696;-0.0389978920556392;-0.2753748575874952;-0.4408536338518274;0
0.2347901514869758;-0.1571456297634486;-1.21280562964407;-0.2984238981950085;-0.9493020588299124;-0.8471939104510215;0.3492014518573177;-1.4471991069730925;2.132410142405832;1
4.747131858581336;3.105492328405278;2.080746200791178;-3.200438743181368;-0.6583360525617451;-0.810593064590801;-0.2310431219822904;-0.1643561787082652;-0.5923038048828185;0
3.3677244641394;-0.2195443923613341;-0.6218231024080785;0.6443529236019091;-0.3827463819035989;0.6542712108563289;1.3123558542847458;0.656534584168823;0.0264318558614425;1
0.8768312647304211;-0.3328006143624007;-1.0122506872119188;-0.087830263077483;-0.3154471343334075;0.5266854039075326;0.2569007982725309;-0.3803965755617234;-0.125941675390764;0
-1.4512177043721664;-0.6767214601775993;0.3384380772992457;-0.7368730853802957;0.1145507448938539;0.0012001757198078;0.0766071263065853;0.1264314415157945;-0.7332286623209225;1
-2.1359474014569826;1.0109795684248717;0.3563597595586075;0.2140882966227837;-0.2690672252097117;0.1816597235270351;0.1598068080533628;0.0208354647410537;0.1499919195692311;0
1.8647203343667256;0.085863714140336;-2.384335614706904;-0.8104842269927346;-0.0395908519568844;-0.1653056740465479;2.2740943821538058;2.0276432886068743;2.102473688344266;1
-3.6329286509493857;-0.7165005783837931;0.6650523932337873;-0.3920064038271346;-0.0645090139778353;0.1880496462385531;-0.3916621740043736;0.1616602198259108;0.2896308087574033;0
0.0333711791006199;-0.2078263161199195;-1.4299132273934776;-1.201458196354698;0.1059335039737884;0.2615148725953974;-0.0650899771138448;0.6318882713072858;1.105219837585712;1
-2.534938997381658;-0.1791858562915485;0.2132321244954063;0.6100901414663072;-2.5966555040274053;-0.9984855824568262;-0.3660195500333899;-0.2411475244112833;0.7298827551624056;0
2.120622043789341;-0.3789217565456093;-0.9594074866820124;-0.5356775899840455;0.2613601530738837;1.5674435092834589;1.3056952037652625;1.568789470227149;0.4403108049392539;1
-0.1034004832331936;-0.6093776430884169;-0.4145053281856976;-0.480642814764775;0.4464539609536427;0.3291331665036403;0.1504931479489366;-0.4968342397139272;0.281906468513052;0
2.128836547543344;-0.1715271550913616;-0.5971284217148938;0.2694591242859412;1.4956958870469863;-0.27874413554834;1.558056094767575;3.06144360658613;-0.4971380392475893;1
-1.6664544750289412;3.4388651231416127;-0.0277656875610224;0.4129430959952502;0.1418725807867706;0.6953226992424992;0.8251506880546311;0.2904744198364646;-0.5983166782825954;0
-2.2801530137053643;0.2490043942355014;0.961210591861745;2.694459084779563;-0.7720114703787723;0.575241449039188;0.3534419582647176;-0.4222289489730136;-3.120596303516547;1
-3.72869050231341;-0.2725612032593638;0.8209809228212254;0.0669011723641866;0.3997378582498033;0.2074026109931894;0.1029177494126863;0.0943680788391361;-0.0986403393395099;0
1.4586987784799914;-1.113538215471212;-1.888717885757584;0.4740372993013476;-1.968918096280026;-0.037826691611126;1.279197028918656;1.1947171939669627;-2.358811321754485;1
-3.87998398085077;-0.1256393110858449;0.8044550853813924;0.1992612768082009;0.1501530400306025;0.1138537539160703;0.0249345394195654;0.0823206099378175;0.0799235027956689;0
-1.3724503279330935;-0.872862864539425;-0.953491778736626;-0.3666660135852252;0.560700002362238;0.8412307548164899;-1.0790224694089707;-0.7848299303511783;-0.9337293751389278;1
0.6825000866403922;0.3739973150930014;-0.6842434643245049;-0.2737235809476609;-0.1339658097181415;0.4500960015491355;0.3243159908433238;-0.1267492770358095;0.1067255270616966;0
-0.9440239529192526;-0.5819164586430131;0.1941283493746895;-0.3332341819176034;4.519073189575924;0.3490587475996594;1.253452263372094;-0.8184840355237896;-2.268468913915095;1
3.5431330054510024;2.692247231911635;-0.2947019751586316;-1.9780165448581168;-0.4977269613879317;0.0686407758447421;-0.1161428391176591;-0.2644272988128165;-0.2864717463054635;0
-0.5837979981191992;-0.7212249995973478;-1.0975016882764606;-1.6486068145893296;3.2837813881953863;0.6878482756099334;-0.5831448083662862;-2.426923269583622;-0.2837655632480281;1
4.858242315238298;2.339962121033341;2.15366626381074;-3.27560284038372;-0.4211575234520213;-0.7703138988743092;-0.1619137662455038;-0.0326449042065909;-0.522661137248682;0
5.738953397281979;-2.844572288645946;-1.424179949349493;0.5537229789743093;0.6709554471073189;1.0644420765307765;-1.3462931474763955;-0.8610421813658069;0.3375764724357549;1
-0.5790079053879607;0.2278751424213891;-0.9235657732036584;-0.2538333623183996;-0.2986798042085129;0.3386606402037215;-0.3168887543082716;-0.1578214509376918;0.319955853722634;0
2.7991611601752515;-0.4459511257140677;-1.9564617914439508;-0.1535567032177346;-0.1044332388995231;1.0444028177290896;0.4685359231468372;-0.1480515253524944;0.1974748420312084;1
-1.7610844413876057;-0.918682477337338;0.2800960585156009;-1.0274308648843704;-0.3912239943817742;-0.5613264954294116;0.1579394273515778;-0.1441729286948987;0.1633095651218864;0
2.7593600613585267;-0.2316845753453454;-3.0313577620697343;-0.2724984446739255;0.3578119800315021;-2.284667093932548;5.135083360422287;0.8149612463403229;1.8080935526830229;1
-3.668056679180968;-0.0701635778818888;0.7268816680743447;0.2900440232810588;0.2137462365871881;0.130658874885632;0.1825675620180796;0.037384066956708;0.1032294064442854;0
-3.001520739338264;-2.7309438208643546;0.1286412206103316;-0.9023796983819564;1.4678034072947688;-0.4655221561753056;0.7848712443786371;0.3789953973731266;0.5572063277123172;1
2.118676131753016;-0.2447992255210434;-1.3824950418441715;-0.4796251063297091;-0.3896323071212521;0.5857001767140886;0.3077151613450186;-0.2041334449600016;0.0269006011367752;0
-1.359015088778798;-1.2435100101690026;-0.1059042048229627;-0.7010465360465408;-0.1924515210049834;0.0919787848809104;0.1604061981519262;-0.1558288375344978;-0.3724885528663414;1
2.5846575922626176;0.089577676780949;-0.5409392058025535;-0.2022396876923493;-0.3306517538943098;0.4995966761665747;0.0339539352793727;-0.2360111693847823;-0.1207498972430597;0
2.391784655586773;-0.7321551833188806;-1.9646737603422164;-0.5306825812768474;-0.1417114700713568;0.6512481685367575;0.265747501867203;-1.1842012825146295;-0.2256502289662442;1
-3.9117097270852135;0.1508416196269458;0.7410026876301361;0.1643702966807718;0.0585163921015468;0.1012190855049986;-0.0702858783602191;0.1629262054294115;0.4184201599664211;0
-2.9849053289158767;1.9107730601609472;1.552228583454176;2.7601887073824143;-0.7508745426472442;0.3133903117317573;-0.0642930407726991;-0.1076720069450336;-1.6145208876897934;1
-3.6903609601908007;0.2487030820363614;0.7424174444669038;0.4405139988562914;-0.0572080550161015;0.180544292930648;-0.1434721416516296;-0.0080065301734915;0.0534595524509681;0
2.9308868341416683;0.3640427595727379;-1.0577564485968771;-1.0364304320580793;0.2286609063537726;0.6247322649411298;-0.5517556417464463;0.0680917803348845;-0.4411837237242976;1
-1.8339197868075297;0.4157401706794654;-0.1695230164234637;0.4609621004648944;-0.1898518184796121;0.6024428340707269;0.0550317472160459;-0.0948363153922099;0.010179633213348;0
2.368060736741622;-0.2926500980556841;-1.6266890153628155;-0.3016023212430547;-0.4188429759749411;0.7238383887424839;0.1886204154768564;-0.0111367221071613;0.2348426078147413;1
4.288869520497421;-1.075497449364862;3.373299563353934;0.2269344056781118;-0.259319599382076;-0.431345401309502;-0.3613444200059349;0.4785469206718544;0.1149865189041591;0
2.655598396775688;-0.3028933322655121;-1.6241440798541706;-0.1791026858100592;-0.4522145350028365;0.7821904715617691;0.2735007317366123;-0.069894181604626;0.2434477403297814;1
-2.5446568667950644;0.0078247483519602;0.2837716921258068;0.1089560943950091;-0.0080499480542956;0.2378649008805163;-0.0462134347081902;-0.1617603971870391;0.1971866423937329;0
2.4466819559943724;-0.3784825322010045;-1.7019471659556715;-0.2015071142834063;-0.3314366999326885;0.856272048415059;0.3129768754661328;-0.1837099590958267;0.1385610858071666;1
3.683564750222629;-0.4063728984796648;1.058936681166777;-0.1229553632103207;-0.4128756794877009;0.2870501164587365;-0.2082921668487184;-0.0099240704171317;0.0330534037970388;0
1.5384105716560583;-0.4567517685723321;-1.493061598626103;-0.504907139792363;-0.1966161997095609;0.6916838488691461;0.3351442403674969;-0.1206572560019358;0.2247884929503518;1
3.092772161693746;-1.0810747595064438;0.7755621359480434;3.823161013884795;0.5421225844009633;0.9117886409762036;0.4152234330015443;-0.2496027437610328;0.2439129955040999;0
2.5174572425026653;-0.3496811798759198;-1.5662844945550851;-0.2696474774635884;-0.3740937034712652;0.7206586621313655;0.2510547972065629;-0.3438668685730114;0.1028067294180821;1
-2.823156397966573;-0.1858848954425073;0.4458815196318633;0.099603309938227;0.2086978821831444;-0.0173385426434261;0.1444828299937844;-0.251936088271358;0.1857142293717907;0
0.7764179015110035;2.289891166575458;-2.634734412490515;3.99919338921545;-2.56441849224124;-3.75469259453758;4.178588290035403;2.6578444630707434;-4.250891000768956;1
3.7304018329787088;-1.3523398152304296;1.259197832352588;4.373633324686768;0.4387909432609697;0.6426075309288325;0.3729410490834453;-0.3664408275751009;0.5657641375051728;0
-1.3079967712414804;4.258970114147509;-0.8616547629100331;1.1578374844628716;1.741814083330707;0.948029869108684;0.4836877807035022;1.2387305960078954;1.65823649635186;1
3.6015403456965407;-1.6290978323658094;1.873537354373626;5.463816204236098;0.3708565597403978;0.6868707561222668;0.501947822756903;0.0837958425402204;0.2921318212104663;0
4.430324256633559;-0.5292222335880135;-2.739857024352607;-0.3971219845197589;2.167204472112667;3.043323377712364;2.4905690689242506;-1.0574312765994534;3.241735993903336;1
4.040548799502247;-0.9621564102230956;0.2241728075174937;5.529038841763936;0.3335719067484838;0.5225062468716651;0.7493539035776722;-0.8654500372970071;0.3006127844822158;0
2.31144433928301;-0.6472817325084101;-2.6979531227265143;0.6099097062337316;0.6508000592872559;-0.712375073057889;-1.3741990265210684;0.651459530960342;0.2118791737068061;1
-2.282740725259905;1.534260888581516;0.4252860313657026;0.8784134669254964;-0.2971237760235569;0.4736383103981848;0.2820703109971038;0.2312196916778588;-0.5087244229859618;0
1.726348272566135;-3.079341014708088;-3.3993556457027543;-0.3992793005969849;1.8759672653865709;-0.8216986537311733;-1.5605835963106842;1.9558204495669524;-3.243588115264327;1
-3.1500935404565915;-0.327472926111459;0.5577683913338849;0.2376058905345278;0.0223265198109249;0.0498814445740267;0.4137842756701153;0.0770792080065184;-0.1995672342227341;0
2.596444219597737;-0.9356067818998838;-3.279492452015098;0.1874984322618804;-0.8345293710413011;-1.9257900695677943;-1.5910571089664167;-0.2729420349865882;0.7138779630860381;1
-3.9769502032313735;-0.24545304720539;0.6599113765649403;0.0593461906976646;1.5064429831969093;0.4611120261600681;0.5706404815886926;0.0204137351893343;0.063576838587174;0
2.175178427668379;-0.5084773524639374;-0.056011546879676;-0.8416297317873718;-0.7509701718667051;-0.0358694494989229;0.7067494778922861;-0.2388677460871955;1.1390727611681748;1
-3.590865095881404;1.1567060904390294;1.3437037431508456;1.119847224915629;0.3113317672010621;-0.1820449760364836;-0.109433861561933;-0.5749802594941603;-0.1276138419361784;0
1.6702931911351389;-0.9135413251417696;-3.041657587008108;0.2570414153616772;-1.1353706030684283;1.840829536495579;0.1053813061523386;0.1329543055385764;0.4878908571233525;1
-2.639771332135719;0.3584926161639052;0.5062651064847686;0.3577002058902594;0.8379081463347476;0.2190574085303478;0.7469704934302936;0.132025750994037;0.0989267670639929;0
2.1723168463656943;-0.4422622061209611;-1.6363254980730306;0.0727570257636856;-0.5355106931187049;0.7829825675044398;0.3669041874142614;-0.1345099328803556;0.1320305105749712;1
-2.4669359349382978;-3.9891581086408143;0.5327605153840773;-2.600027156752436;0.2419861061287041;-0.2808673607697041;0.6753780161608718;-0.2619885935015982;-1.3648056654894702;0
1.0275319085298122;-1.4478203062711592;-0.424750601665186;0.8053695834247785;0.2584738841282786;0.0282460599563022;2.2225215614783;2.846193051221535;0.8850311766391175;1
-1.2314947395049305;-2.174315012105213;0.1400729502186381;-1.86541908663867;0.4903937088832585;0.0860178912978853;0.4449582532117836;-0.3133619172779723;-1.216598628685262;0
1.5019486528489576;0.6157257938385011;-4.633523498045631;-2.071323279869199;4.3703943487707;1.590675354366515;-2.434917901519697;-0.3040875625799647;-1.1919986377654224;1
-0.701555072598823;-2.887187035601184;-0.2575161647323299;-2.264024354572552;-0.0129809812531274;-0.1332629433253692;0.5045988749473425;-0.7352177109156981;-1.5963650284958013;0
-0.1584299451779227;0.2445990805767972;-2.045325561522671;-1.279626675112458;-3.965654296725262;1.1610126559111773;-1.2084760998569974;-1.0175465903028618;0.1669716962017186;1
3.678812832727673;-1.7688074649907397;1.7692344563092492;4.374994209059253;0.4211196308304422;0.5840973139320581;0.3916722716546661;-0.0930760379662807;0.4850051576791689;0
0.4602831002164621;0.801165128675534;-2.60071451174746;0.5784640471849175;2.3328948911656675;1.8435543422552807;0.6788801668370947;2.0254907365082504;-4.127293916731109;1
5.732878022270319;-2.3616785727891503;5.625093065743911;-1.0890127505537568;0.214435519937307;-0.2592768602469687;-1.0206379732946815;0.4326116515023671;0.3718031537538895;0
3.4478393341953706;-1.9797966888689844;-3.460066676151392;3.2387985427913466;2.316084212025416;-4.126066853451964;-1.2064784304292542;-0.5568623208695271;1.0993253019046805;1
-3.1804433346870047;4.386390163726272;0.6888586913890882;2.316068196463717;-0.8553352815129487;0.1607256123482631;-0.5799766697535762;-0.411880760373786;1.299561529015427;0
1.4322675041204442;-2.918104992665602;-3.5626427787139274;0.6188360105891879;0.9100663029016042;-0.97347882670333;-3.194554023228893;-0.8775944184838919;1.3501175690863187;1
1.3542019112530563;-1.5560060850797328;-1.1919464920184897;-1.0575228938552703;-0.1772186229910515;-0.1078224940045626;0.8201796948241019;-0.3034864144131562;-0.5689248586326731;0
2.578298001292932;0.1843165486484213;-2.2415477359914093;-2.5069839724985457;-0.767154996758994;-0.2159882301008979;-0.1443517148380934;-1.477609958474143;0.784463700285014;1
-1.2124398119258355;2.278928822440043;0.3253293549992165;-0.4654688764878382;-0.1647965246438084;0.3159923038266083;0.3529478025261895;-0.2210207353673922;-0.555939095857755;0
2.169382237115084;1.0213855587308245;-3.155304358377036;1.2311180903345331;-0.4316264331995076;-1.4486267948040243;6.315093023678653;0.6751376067841623;0.5818938699140582;1
-3.0901107227306297;-0.0849376799048866;0.5768266138653798;-0.0175695736226629;-0.0569723409913246;-0.0040464042324718;0.0021888716144286;0.2515101041925632;0.3809560318075681;0
-2.1845916770832194;3.657221273049116;1.5750154076065352;2.0507795819929235;-3.4647593567393216;0.6534678031857831;-0.4598421322021348;0.876014374419288;-1.5643805637458177;1
-3.7863307720377657;-0.0547517364253685;0.7499346718400468;-0.2272774256504872;1.5340250281320806;0.0210205715891017;0.2412575439157779;-0.5547363921901686;0.4890054195528914;0
2.3736967342104665;-0.0085483437170978;-2.091611059800889;-0.1146614768923853;-1.3630494647880684;-1.982539458633023;2.437927869962225;-2.451775859272895;0.2883889188967206;1
-3.45071083872848;0.0695886246018166;0.6581904067059651;-0.0321260341795049;1.1465968929252948;0.6162301739639994;0.0683240027902945;-0.1581811442399905;0.402523196181783;0
-0.7889650937821281;0.2803214980797852;-1.883172952579332;1.085275270220235;1.949603734154078;0.7934379069922942;-1.5512568081708815;0.6048613369220485;-0.0328287323909761;1
-2.1576568774420752;-3.611258149739722;0.0067145195117661;-2.545346751854768;-0.1982933776715198;-0.2377927176577059;0.6962082425003977;-0.1866062906746387;-1.3569147979258054;0
2.279507491203414;-3.3466339850167013;-1.6855898060392085;1.3388373386973351;-1.9951690209043629;2.5434376002176085;0.1157077838350796;-1.8796430443789272;-1.3488454824361251;1
-3.4249549038540774;0.2658478296172889;0.5091359077454313;0.1172783314119134;0.4135608896253008;0.083559829619624;0.4001260185569071;0.0667688159212013;0.2950926699326124;0
3.2522719148726704;-5.17100927474247;-1.0940989389388087;1.2451986394630696;0.0728818356908855;1.2350615769906346;-0.4534319117684724;-1.0799462490373022;-1.574004883274192;1
-3.4143926966129343;0.1582230717330595;0.6177128784858159;0.3201317489861749;-0.2773686787417832;-0.0044534615605496;-0.0069588345156565;0.1038415503386589;0.1431566255331502;0
4.917048038645212;-2.345749119288831;-0.470705034491724;1.080511188970951;0.2418194068782007;3.773855221450238;1.4011961082585762;0.6752455394738112;0.3203769087752636;1
-2.053964493621067;0.66055761170936;-0.2450436039965222;-0.1801259572256483;-0.7903201020747321;0.2969957588856178;-0.162007354479084;-0.2643758794537602;0.1593332126275321;0
3.1338058848586363;0.2631815656186519;-1.33894485583775;-0.7687361742688443;-1.4369662162556551;0.9327673597794232;0.3577612396300312;0.6646015602649139;-1.0067846220807146;1
-3.1077950965361305;-0.1553033396838615;1.1034205154687775;2.322720166171706;0.5117945389133717;0.1976540046779116;0.6224884137266093;-0.7740752844306983;-1.337968672169084;0
0.9315972212438386;0.0854151805161193;-5.303121941732742;1.4346398364421435;-0.5495645879517852;-2.309896488827623;-2.751115608200856;-0.7869274812353253;-1.6728799811628643;1
-0.111634848964211;-0.1737438529761399;-0.602672407959577;-0.1786342125698937;0.0224238239405343;0.3446390801032116;0.4081208796429387;-0.5355982004527414;-0.2293252933661264;0
4.028307480521542;-1.1785078872180534;-2.4717737319214823;1.7361960096083362;-0.4374498568422192;0.3173970598978794;-0.2894473793306387;-1.6271922289669574;1.501936848857278;1
-2.9856612152176774;0.0427385782262778;1.5357025907761963;1.2539889531012534;-0.5145711402847141;0.5131190606151353;-0.4977787061917956;0.1092343822688032;-0.9576158090044212;0
-3.072787010717837;2.077685646363419;0.6456012752075062;3.864632924352194;5.00923010781123;-2.5098927550588;-0.9366869850414076;-2.831237483718189;-1.1116469107615696;1
3.739500562986181;-1.5986899929737393;1.708607630880501;4.060396072128371;0.393600259518863;0.5349641304683566;0.3348467031466729;-0.1694522763288726;0.403733941094865;0
-4.823980746633411;1.5627666553249702;-2.39946414505742;1.1781493527644602;-2.76416334062122;-2.677737423579876;-2.777681201035008;3.1462305145040776;0.8145162801037182;1
-0.6823114213302718;3.807615473171443;0.1004090699698595;0.1617745766142012;-0.3086202980583946;0.0721970457469116;0.1582465041446445;-0.3794131283816068;-0.0604736739609618;0
0.4381161951774101;1.7431323974852266;-2.223176504064047;-1.5399804091220568;4.005726055400762;-3.099984205890145;-1.0008874652021138;0.1933290818662688;0.3927024191003634;1
1.236068091148526;5.908629519533548;-0.1307382976113897;-0.5115314883875457;-0.4894911928340306;0.0388158408772783;0.223522765394191;-0.5296857389762702;-0.3367892669109404;0
3.611511803032694;-2.545194638444622;-2.100477724344717;3.297569240151989;-3.40121770040255;-4.695402291924056;3.253893260866532;0.7252211042762531;0.9859424520129692;1
2.1841776347230795;3.282542267976766;0.0063917257840226;-0.7755513670235926;-0.4178873035356764;0.1875447894591036;0.0532214621176398;-0.1182088300385847;-0.0845774493976287;0
-3.923158032618183;-0.9839106027575816;-0.0631680872135415;0.2923475850471476;0.3906720206711933;-0.3929591884852352;-2.3301287184084893;3.833244161240307;0.0735774238892092;1
-0.358487185447067;5.166440218633707;-0.1175286599686201;0.5392990350415663;-0.3396018381261286;0.2031288906729246;0.3112290012694837;-0.4299184176494599;-0.2585889425985543;0
1.854425706448576;-0.2834104217071693;-1.9617741066054093;0.9024915240498989;-0.7060650258354151;-1.9707108227305616;-2.1676904665044634;0.4619795484140476;-1.6102664113568017;1
2.364203941080966;5.1616993015376265;0.021848841250344;-1.138014729589477;-0.5696239516317954;-0.1639512444372757;0.258437725954069;-0.4217877473192052;-0.3533559050733628;0
2.489233113900313;0.4511767097866641;-1.9037755182042544;3.064167191514555;0.4320351604151862;-1.3618479089065558;-2.818722602033016;-1.1940174532047834;-1.832521827471896;1
4.473295081311237;-1.3801641200167172;3.16198166587521;1.1160927635227105;-0.0666671016986117;-0.1845811472851942;-0.1873206113490527;0.5082883559855926;0.2641708717461476;0
-2.684464819695529;-0.4975325616281836;2.457695445343421;3.988299046403581;-2.74376038613193;-3.981353568431118;-1.3913660409311734;-2.071504027471748;-1.6010909358535934;1
-1.3776764411543403;2.722713933641713;-0.6260533124058186;1.0378455564907487;-0.2855111461831868;0.4363593343197998;0.0640168968891045;-0.7674160876229216;0.0184464304886983;0
2.2092113011872683;-0.0793449602774547;-2.844470884935195;1.0344190235501252;0.6482341969026328;-0.975865480453487;-1.275986341970453;0.2752571722930136;0.4460446320477269;1
-3.71079930291162;0.2796886343509293;0.7686907769831365;0.3185069464170036;0.0666689003617112;0.1350108831696495;-0.0556223451111218;-0.0144582281697954;0.3131215431230403;0
3.4904141516984133;-1.1216147761263304;-5.174606299868475;-1.9977152549234591;4.013392775324805;-2.8735549590252814;1.5264639423203146;1.7580852787720895;0.8815795845904291;1
-1.486295155703564;0.3158202640739657;-0.2888832607983843;0.245886556595961;-0.3519941178616086;0.510280007287817;-0.0982534501238834;-0.4514303933207405;0.3094320739041937;0
-2.1797970480840334;1.2202151710546765;0.7069844191545489;0.3068025233697674;3.403693125613507;0.4435908087729202;0.6114003041552548;-0.5350099009966901;0.5572766844848211;1
-3.5605230198165216;-1.4724702245957966;-0.2835423634614049;-1.099397289191833;0.4994841401648348;0.5570400978857922;-0.735176698561743;0.5911160940480342;1.2606130813746903;0
2.2037985594123684;1.760382573505312;-0.8205935026119405;-0.089349662629095;-0.4253990779434712;0.7467555393815941;0.2168026039795195;-0.4197734966202057;-0.0144194869628064;1
-1.374067286695032;-0.1175275301543045;-0.0334907271795894;-0.0850480743908642;-0.0744833001289319;0.2090075105630033;-0.0221188547839509;-0.2431170625554006;0.2263180898039886;0
2.205858092232089;-0.559808071545222;-1.6587665748714269;-0.1506019522400832;-0.5987900338337122;0.5356203066747066;-0.1018826125781898;-0.5312875291507576;0.4494586260011698;1
-1.9567349120073392;-0.1293401721312592;0.1526344273660926;-0.00919961060673;0.4802675463911018;0.2883545720892186;0.15737048515081;-0.446399768933981;0.1486545453367804;0
2.3953519827910106;-0.6047684033078279;-2.156297251743841;-2.1270947491774383;0.3934635326920583;0.8076422533764601;0.5298213353185738;0.7571599738962811;0.8741497818077857;1
-3.2450607866633145;-0.7317571792637358;0.6402311076542245;-0.2141471065830453;0.1288243254539126;0.2847998083172691;0.0830032639857775;0.1907752561415951;0.0825255593404031;0
1.875685524563256;-1.4921438400391749;-0.682693901304745;-1.440438395209921;-1.1679493798877674;-0.3507860184123254;1.1142542764942769;-1.1400256170306176;0.027485627916645;1
-3.224601842200008;-0.5360850866971506;0.6357173065390916;-0.1273462473120678;0.0850944052361587;0.2206383896119014;0.0743357694581636;0.0985867791375367;-0.0720698509098411;0
-1.936660202288616;-1.3455913699694213;-0.3410957383025284;-0.3682420674836474;0.3946426401420891;1.7792856451876948;-2.2482097013106177;-0.2163807062137756;-1.1112121189853776;1
-2.7784845916143235;-0.4445501792595923;0.4539453861583892;-0.0214902110823397;0.123876451242684;0.0938780814102347;0.0803216453302456;-0.1189437066922445;0.0002630786711241;0
2.381855008027975;0.7150705269451794;-1.298539445333212;0.5326890998791369;-0.0437588784595294;0.4887318969724432;0.2084510849172896;-0.3033450245693572;1.2409239978652336;1
-0.8072011801248877;-0.3605205260390792;-0.4581171204613643;-0.0557975046970104;0.0924602027746548;0.4546789226064108;0.1677333772589572;-0.2209798543865047;0.3223490962317344;0
2.413677377378752;-1.215218504739365;-2.551435360517833;0.1854003889173376;0.6533659216718791;-0.4488846656622913;-1.472411711071684;1.02766188962767;-0.0222862846341146;1
3.984992379573947;0.8935019525986605;2.279002873529172;0.0047720611104384;0.4114779943550346;-0.323478184403684;0.1030990262480044;-0.1519737133114124;0.0082606801241001;0
0.9516944007679492;-0.1431995763045378;-1.0098423985298997;1.1760070943742948;-0.204840311926171;3.6537185520777378;-2.2279806621585463;2.308262915138981;-2.446622691373752;1
4.299634837339787;-1.7000943170741265;3.2666953679816872;1.3814778471042122;-0.0572092056990166;-0.1486102220933813;-0.2364984754735112;0.5160906413492492;0.3269012399762968;0
2.6358336988839466;-1.506928616363563;-0.9807311879388444;1.2058783647506173;0.2809072247715219;0.5408947989128918;-1.5239143969945312;-0.0693655096636798;0.6744645996618289;1
3.882482643043023;-2.0460484360737734;2.7848886405073614;3.5127480371125768;0.2375773638635797;0.2267941587983293;0.0488229603481547;0.3052998132723448;0.465363750846225;0
3.774969459573145;-1.4021841708137903;0.5008171946134065;1.57380272064795;-0.3073452722577954;0.2096647752823918;0.2802779368928894;-0.6463826041259932;0.8802006578518291;0
3.4900964785250457;-1.686932739352688;1.7441234526218743;4.557903592884284;0.3025687840466891;0.5993375169831638;0.4320098807637809;-0.0441271319512826;0.4335949202600777;0
-1.5262353623810518;0.0801747677681224;-0.3604574224622963;-0.1598574750281597;-0.2110003200478896;0.3583460324988449;0.1106828967950392;0.0468429715221621;0.4537438531473231;0
-1.5761255307072672;0.4790269219545285;0.4292405491019018;0.2043389996093343;-0.0473659007499329;0.0811038992873147;0.3763822382401879;-0.2860296503215286;-0.4197814597286043;0
-1.6630694877355678;0.5496084415648661;-0.0590156793619722;0.1263355367451658;0.4403386662047683;0.5852958719937259;0.1170649743770809;-0.0520450245365058;-0.3510683155264885;0
-2.344753813897756;0.0907009516860692;0.2406610397425454;0.1023450040758122;0.2546207907055966;0.2900568435821019;0.0601686357062359;-0.2900630871236284;-0.01067972512242;0
-0.1759974897139139;0.1769298406255525;-0.5398829974859526;0.2406142920660042;-0.5532325021377603;0.6315621918234565;0.2548857087142302;0.2001293442028174;0.0243099923608109;0
1.1970742401347447;4.633885765322865;-0.2800209545141575;-0.5020255343119381;-0.4854602500456877;0.0809675427638687;0.1970794128429037;-0.4775721455479942;-0.1431306795095384;0
1.271664938776715;5.625137331412216;0.1495604118216876;-0.8382647218375541;-0.5799295137498077;-0.1279523684135586;0.09140685603806;-0.5031942035845606;-0.3584980182297679;0
2.808370801247728;4.658408741846295;0.4902543860154878;-1.794421291662052;-0.6324009070353468;-0.3058129689775105;0.0478368040812506;-0.4378796482239742;-0.4584664428207943;0
2.9181818992841566;6.098900073237807;0.1018257808521147;-1.654942762193825;-0.6995531984616687;-0.2753367121895234;0.2411237367224331;-0.6143986657711568;-0.6436537672515907;0
3.4554278652739097;4.954712803633696;0.482786683390526;-2.0675163229854787;-0.6493736257382071;-0.4281879216383815;0.1087970414133744;-0.4403500216246081;-0.4802681745073816;0
3.769223783591425;1.3758196953716415;0.8857582257211589;-1.7078651784995162;-0.4659111715147497;-0.0052431545757639;-0.0933772849750268;0.0705303360887022;-0.5773819813367521;0
-1.063066296006746;1.4758583978631752;-0.020941249739709;0.7045009606572052;-1.5478513314425983;0.1421710796496138;-0.4997924558377599;-0.2618571793753438;0.0733303852361662;0
-1.2992536154342764;1.1047438944450998;-0.1490962880460084;0.0151049000418783;0.0099608906998375;0.8242806708743852;0.316029837880873;-0.0196244758035473;-0.0206767798326826;0
-1.311215217706944;-0.2770956172406126;0.1564174398811571;-0.5050046407670366;0.006843476134429;0.2221117492201293;0.3037816013218435;0.1214068308273882;-0.2805005866278407;0
-3.632418921461381;-0.1103392518152992;0.7931750541493682;0.2191386978832217;0.2132846697950641;0.0889620766815456;0.1212528772275407;0.0389363318571429;0.1417239448186165;0
-0.8886101415949059;-0.5064227487415016;-0.793378851473276;-0.9741146719333668;-0.523354989003417;0.1723952208755534;-0.2138488738387612;-0.1233597847381234;1.0456540299266512;0
-1.6252038626737333;0.7702534661976294;0.0591015620060085;0.9748746112611568;-0.3165200230145492;0.3351487017812558;0.2490136703993606;-0.875801757356821;-0.6831471733510098;0
-1.3154811721837774;0.000111568452722;-0.3738059152499139;-0.088846797819074;-0.2642156433442236;0.2836667477181453;-0.1008660431679009;-0.2149964743877678;0.0379021163592596;0
-1.0115429960612374;0.2403465533701983;-0.1135002891363747;-0.653472976946404;0.1111772240769025;0.1140916132556017;0.1952161316956834;-0.4482654548182824;0.2598278991409964;0
-1.5905116806385915;-0.1290316223351171;0.2314298083816313;0.0659992388874125;0.4099491321674355;0.0684170976714566;0.3569345226247122;-0.2750161990364036;-0.0332981826097291;0
-1.242428166004126;-0.0433640686839311;-0.2246051045586057;0.1172109586445738;-0.1714252738655538;0.1144129931043235;0.17631322931409;-0.0587567286181865;-0.0271907518932018;0
-0.009157385529039;0.1183773359257921;-0.7453019955585471;-0.2457125087350723;0.1814985980279882;0.3645947165583047;0.5347943636742807;-0.2075856987472091;0.1302924049208;0
1.2024569211650564;4.925932569171417;0.0828746455421644;-0.6816324063281862;-0.6834528189760607;-0.1985547042823824;0.180916887880211;-0.4311379419164072;-0.3824410548076372;0
3.074812886016816;5.19948070185735;0.5087264461779593;-2.100768602657133;-0.6672822305777404;-0.4582563165487762;0.1071538445864042;-0.4955131708563878;-0.538262786665483;0
4.363881391266646;3.4897788132812035;1.6554221342897968;-2.782134220520581;-0.651938211622125;-0.7448377613986691;-0.0970683584791938;-0.3178359427075897;-0.6319239811134361;0
4.349875609700502;4.241906781674192;1.1971112131192727;-3.0624930106475263;-0.7026863112768833;-0.6693661273599357;-0.065476970385509;-0.3954164448129958;-0.7145867243997478;0
5.336766322315468;1.379688789780945;2.648868365944611;-3.289042318634362;-0.6180476268532142;-0.8881511547806198;-0.3193622501380614;0.1782911608469283;-0.3743142544627147;0
4.312137130867674;-0.5305482827854925;2.840563275860768;0.0252902800210651;-0.1818515420283154;-0.2778662853679937;-0.333662973219168;0.6076805986552302;-0.0033212508056978;0
2.7777371941601814;0.0591907097415081;-0.6298371764135235;-0.171518660887592;-0.3106311333898044;0.4015464358008808;0.2822459076478244;-0.3109769539801563;0.0485016932424965;0
-1.672108940158798;-0.348607046350438;0.046891338473027;-0.2315668203885439;-0.7394753008170385;0.0452736504242441;-0.1729505005876664;-0.0877641342114767;-0.7103843535908898;0
0.2243424185158298;1.0952050852052206;-0.0782520834681206;-0.0983948484025067;0.0614679316690765;0.4946222461706857;0.1789462098052684;-0.131016393642712;-0.1614670982556758;0
-2.65563297954128;0.3606865309247054;0.5600639661584657;0.3437268005208848;0.260518015526117;0.2458334919642884;0.1567438035343116;0.0500411036096022;0.0987781848488139;0
-2.956521640953244;-0.2698214679806756;0.7710946789217198;0.7328841538568789;-0.3156943943721832;0.3348917997417881;0.2278274621711729;-0.2474133517196036;-0.7475712046153463;0
-2.8548988965620308;0.1706489317950944;0.4482494863842509;0.3205442165151285;0.0229506202639783;0.2265558152709435;-0.1463211532089349;-0.2381284395542126;-0.3606602637888503;0
-0.5013805728425951;0.1871819990960557;-0.6805462395021069;-0.2320246055461425;0.3937697365631087;0.8949459018520555;0.531006098343917;0.2645732611966029;0.3681887197181142;0
-1.6561558182405596;-0.741610236026875;0.1081122729791831;-0.800461287588808;0.5866321278630774;0.4859325856415836;0.0947649676583533;-0.233724516717996;0.2292995750229604;0
-2.48322802846666;-1.1359159589490655;0.3547020748601294;-0.525990132396545;0.3836842154503484;0.1595667312393798;0.0981163775745445;-0.1315000249576858;-0.0549337747999434;0
-2.819379608140923;-0.6297793534204488;0.5386964116662794;0.3100523980238124;0.0412208398539594;0.2079581762397565;0.1694951849267729;0.1603252964649199;-0.3222074532118172;0
-1.8127235259470105;-0.7148324263521852;-0.0720709427936194;0.0906378101723763;-0.712415078193632;0.3669531231989816;0.2718327547940063;-0.0908669815725019;-0.5413988384201341;0
-0.9559526577019654;-0.7578486433075826;-0.2071172844470624;-0.0808736464542366;0.171737907999814;0.6095884385717626;0.1612824372618963;-0.1663933576516345;-0.3323461085097464;0
5.486654846270298;1.4370110557294595;2.479916300522201;-3.4735552392894893;-0.5657774657103964;-0.8712237543805712;-0.3324395141122748;0.1194367829260477;-0.2517625353887783;0
5.74164010430273;0.5629628287899097;3.270200116616964;-3.782881111427964;-0.6214437174760363;-1.0106947617833448;-0.5830264162046868;0.3888136681036668;-0.1966318721688146;0
5.662445382450254;-1.2089243604495568;3.2067226527639408;-2.4828528667766725;-0.4117890932435873;-1.0232224351653252;-0.3699260054771673;0.4822769792753253;0.3571615393028408;0
4.686848214915015;-0.2980051074595486;3.0813067139275305;-1.5031242384021144;-0.3696354446637735;-0.6077304437504538;-0.4463769964773063;0.4214516321292167;0.1626102165811997;0
5.2932522855218025;-0.9289437001340518;4.013374237260575;-2.086797837101453;-0.4633910573006643;-0.8821278475738122;-0.6158220370441381;0.6860235697919346;0.0902052710783501;0
4.515233286236811;-1.1096008151255463;3.2365037904244294;-0.9596605198585691;-0.3721687045427624;-0.4802185529000418;-0.4312023871414909;0.6704363030058695;0.1763201314127864;0
-3.816398059242428;-0.5852077379152129;0.8183122077036967;-0.1443859530045328;0.1734704523657246;-0.0042575197429251;0.0224549904174572;-0.0391189452487097;0.1749782674113683;0
-3.5742632909450784;-0.2325391126502767;0.68915830930992;0.0446635761478172;0.0896098711318254;0.094796482302871;0.0548116965255844;-0.0019824978891402;0.1093738281929407;0
-3.59639281871562;-0.411269712745798;0.6875469203771847;-0.1267068732290542;-0.1401171382360242;-0.2367140547205123;-0.0831740825843981;-0.165812162525355;0.445562903595464;0
-1.7000567027176066;-0.1306052990261617;-0.1981031286582548;-0.1880259967465946;-0.0290686842570713;0.6509917095585787;-0.7982202643322603;0.4061651271237182;0.7051249805841283;0
-0.0179421274553505;-0.4317448810705162;-0.656216483746289;-0.687688104694595;-0.6618966115835265;-0.0472618450465535;-0.1000324566276833;-0.8547249748552356;-0.2872192061327004;0
5.639278765103547;4.556006934218411;1.19234979605376;-3.9383401063327454;-0.0561370489498257;-0.065841312642297;-0.1548112213995983;-0.0908334948192226;-1.3433067002502974;0
5.460706146608547;2.194389823828523;2.241376871431909;-3.2393179834065107;-0.2491434561606407;-0.3900160363366254;-0.3454166277247947;0.3594717005185495;-0.7906371119904669;0
4.752322092997882;-0.5501585665607847;3.367621018818668;-0.8846426985664415;-0.1521607007023881;-0.3700271221700014;-0.497931119204573;0.6560826387984021;-0.0191701919301869;0
5.154023740014543;-1.484904836826194;4.304845364969448;-1.3417332912425606;-0.3766155944346028;-0.7714931202608402;-0.6328760574473283;0.8262567639115175;0.2220111645938721;0
4.98578873576802;-1.8835050605418664;4.122577301144923;-0.0341047400075289;-0.1974884040979301;-0.2212845155598293;-0.5123079192353429;1.1123994535716548;0.1553003923100274;0
-3.929478815092653;-0.2837427829491403;0.9155294142350728;0.1174596208062887;0.6409238205799757;0.2548784575242673;0.2135313607145772;0.2340822574522359;-0.0629777069554547;0
-3.43072856662251;0.1182002425222937;0.2071136426669774;-0.1165211918070044;0.2750389896432355;0.8508171196280147;0.3372937443528221;0.370645953333227;-0.623888807537885;0
4.479664392250893;-0.4430629602076691;2.7634511313279617;-0.3828539342001503;-0.2286987624419282;-0.3419143468744491;-0.3586151019368335;0.3964251189643161;0.2872128192422555;0
4.688425466509803;-1.6001071651067502;3.6681766321862734;-0.0278866971267207;-0.2256447661538286;-0.4761317555125682;-0.4264047753203187;0.7013847831614178;0.3424022693244022;0
4.3149600340156695;-2.341965827773343;3.92745729046698;1.7767024873395048;-0.0326312765038868;-0.2310692572367114;-0.3240364407738858;0.7724110961195382;0.4703885840311331;0
-3.1093567162126377;-0.1677109689888445;0.5531009706211373;-0.1157241939595171;0.5566501132860007;-0.0473422713524067;-0.0075505215318852;-0.2595070699713585;-0.0396826763308204;0
-2.0346692139412617;0.5966086867006964;0.1655605770505276;0.0380405242749576;-0.2140872932737137;0.2491786924349558;0.1444888546540399;-0.1528078886742834;0.109775789841856;0
-3.15255208491886;0.4937773230419128;0.5678856497291684;0.4209035195732999;0.0828198432999134;0.19043300148564;0.0271438714794355;-0.1756922920466939;0.2301496447841902;0
-3.9329192364228094;-0.2270164079990734;0.858357914396097;0.1534120188647175;0.1486090915309657;0.0515492371732174;0.0592418634776168;0.0507645898371886;0.12605131180274;0
-3.2993414404574404;0.1040846730739336;0.5456078326789694;0.2958332635983202;-0.0442727881742436;0.1256540032157768;0.1046129461128082;-0.0424773808700612;0.0930149413722328;0
-3.540276724751588;0.1937003873093872;0.667042554393457;0.3280227766344971;0.2882908169144917;0.0537817106330702;-0.0857675324906818;-0.141388170198619;0.2055211541403881;0
-0.5801299599589366;0.1291864207815072;-0.6283642262465949;0.1540922769680568;-0.7505210268230118;0.6106853757129853;3.847986872317077e-05;-0.1829348807995309;0.1530489706820938;0
4.44333888468088;-0.8565572586344459;3.271723085328188;0.2945822926338828;-0.2138348259833377;-0.2949146724845308;-0.2931385950833017;0.5209162991062857;0.1384621146711963;0
4.486979699675316;-1.7538398731865676;3.640637365356871;0.9678998602772592;-0.0994925975302299;-0.2511658976142104;-0.3561136870398469;0.6348244865471964;0.3439372111309378;0
4.138358504169054;-2.4935735281573805;3.919485745517992;2.588165576646591;0.0770771780592601;-0.0601546607428776;-0.304022529707009;0.7488815665768532;0.5400039247347629;0
3.431511490406575;-1.2461796428401883;1.8946158369328243;3.690789763434185;2.423923672995505;0.5692911609797386;1.2950385311892274;0.2290842567838772;0.9502689363804324;0
2.256422692796236;-1.6089386096608274;1.1504293876565557;3.401210693836666;1.170398360327161;0.2469311504136857;0.8487167855379195;0.0710866251261982;0.7280070920683037;0
-3.547547131834449;0.1135535781287309;0.6368870574256864;0.3001195288990499;0.111042426519923;0.1482978387200057;-0.0228308249319547;-0.0797996346966338;0.3128155229263587;0
-3.226932301478863;0.4124240559128355;0.3627368540654734;0.3303547539465987;0.0155445696057665;0.3006345603028666;0.0597641894970312;-0.0755042464740573;0.4577488738002586;0
-2.92037372483542;0.355161943426928;0.3969952587378543;0.272462099329698;0.0461399091127744;0.3396637259138874;0.0432652685482295;-0.1217736172366709;0.2116924860615844;0
-2.9464803693025896;0.1673672426419453;0.5300321776621593;0.190022161045064;0.2442104715888309;0.1900691863611865;0.106259526198262;-0.0501814807381762;-0.0164684075028785;0
-3.76709301784554;0.3699514576976478;0.7953665543175706;0.4524741830589611;0.1377303236838764;0.1679400886179472;0.0299299639974191;0.0178682956231039;0.1893889689021763;0
-3.8333502958469032;0.139705520801229;0.8478912562891195;0.3268105495710685;0.1521402824013759;0.110773244913862;0.0461170554446608;0.0439783270313547;0.1323888109177204;0
-3.852771397206869;0.4822990413297051;0.8066229708045056;0.526837717251221;0.0944256651664449;0.0777449622444951;0.0150765553690176;-0.019325132044179;0.2806674417041869;0
4.467698393471386;-1.5149917976264304;3.528058828617597;0.6405594374198985;-0.1626740038273136;-0.3407203343476588;-0.3415005974290367;0.5066540628677876;0.2448910603173609;0
4.02743663734379;-2.516468835353006;3.7724416258849054;3.016410495029035;0.1372430940749784;0.0635640151643069;-0.2822075439317363;0.6955278316336729;0.5453530729327706;0
3.8705363936338695;-1.4543335831226554;0.6959103013158527;1.958035598797123;-0.1116985927720252;0.2672170918578588;0.2843687867706955;-0.5579779400597921;0.7179080904609582;0
3.485053689103765;-1.3828640694963887;0.9546341213295034;4.47320346913116;0.4311157071553728;0.6970670756661912;0.4918503334686798;-0.4132772747856245;0.3354893775376947;0
2.8838690052614613;-0.6610732322238462;-1.663522950251653;0.7121110246393432;-0.2906521576274332;1.228429259801742;0.508176537351336;-0.3459597680462896;0.111649258857244;0
-3.73477448235828;0.4172679768312804;0.7472187439658796;0.4461381704309239;0.1228686580121051;0.1572070777570224;-0.041199104375429;0.0268242071895384;0.2053490172290157;0
-2.674445849726087;-0.0822947620890781;0.2818816812477456;-0.0550331540415974;-0.2151260807089308;0.3609027270049166;0.0486143886909465;0.1390116796136555;0.0905659521359236;0
-0.8071865038329114;-0.4372032292770997;-0.6398825670026664;-0.5268879774788748;-0.2204371394674298;0.5751940273563615;-7.920461878651794e-05;-0.4407431014095389;-0.3416172687492383;0
-2.408875940036743;0.1792875874842981;0.3064216742063519;0.0146495480836719;0.130694097690353;0.2574931332776375;0.0786349394224734;-0.2172497605760035;-0.0370718791237868;0
-1.3425224079906417;0.5748740957640283;0.0223822058135107;1.4689088922974871;-0.4362220401864214;-0.3823209925858916;1.0269178591822472;-0.7991523405296271;-1.1472241542821875;0
-3.1568556434831776;-0.0004332230657965;0.4101170425311241;0.0974049962816938;0.5030171551883116;0.2972918761585004;0.4098057579773361;0.1262908853641956;0.4868207483348709;0
-3.5623300570572165;0.3247496794323364;0.6398377894080204;0.2656586965112535;0.2661936584484332;0.1409356679947692;0.0769326115328448;0.0379919385102819;0.2825640267604413;0
-3.512043044347029;0.2047536810231284;0.6391821975501135;0.1804976877805092;0.1642005109690794;0.0926537228567958;0.060033262877263;0.0334788349918785;0.316028653093987;0
-3.308935427507273;-0.3434535237726094;0.6810049910421875;-0.0586676868604851;0.0515177129335093;-0.0135790095994603;-0.1410856368156711;-0.0776459763922216;0.2126911939862993;0
-2.705653213326382;-0.2304274176646315;0.5293443408692331;0.0369795891809828;0.3726465638155941;0.3085583750988302;0.3258458490981727;-0.0415521123441735;0.1068976353124942;0
