;F0;F1;F2;F3;F4;F5;F6;F7;F8;Decision
0;-0.4336359044303758;-0.4791275226547616;0.04569831616087178;-0.48919677835595865;0.020937373029475632;0.02867554295231163;0.22589482251697154;-0.07847410260718655;0.2530378025438691;g
1;0.379001398568319;-0.5310487003605372;0.4844962167059029;-0.43054785456119904;-0.2176205549002082;-0.026733362517284698;0.43447520730667205;-0.24404241054693163;0.43491783526045735;b
2;-0.5628580348927619;-0.19378522178930574;-0.17665845917540549;-0.30043857516146094;0.061241725198306604;-5.8199819465483416e-05;0.06790968254823689;-0.02728984171631911;0.10178684729223061;g
3;0.486960130052209;0.2956707928748549;0.06253583553977886;0.7265134186951809;-0.4333832801689765;0.3775199267667473;0.22847182607514843;-0.0761151652396742;0.033605805544748416;b
4;0.0613016566174274;-0.39110464430264164;-0.028255608986969296;-0.7455301205721292;-0.009829087785764586;0.08402127662881237;0.19131005705999846;0.03210025818514271;0.3351344110859029;g
5;0.7083469425500585;-0.026612999500657705;0.4092344840817103;-0.09284808099853309;-0.2038217303253317;-0.249989414967428;-0.016961972894534733;-0.08016877204686224;-0.053790000185135;b
6;-0.22600887657311522;-0.8620854615938792;0.12407167242968516;-0.8661595637992865;0.06318958117984166;-0.005897868498242115;0.16466248072850537;-0.17503319671651638;0.5205836498509999;g
7;0.3250935545974215;0.005148904242404526;0.9120692978916243;0.6303163737974119;-0.1894644893307389;0.6049483057235394;-0.41805194530495304;-0.140299266885526;-0.68042303389422;b
8;-0.7874050852718607;-0.7733511175641526;0.03528978348639692;-0.6114447888959442;0.04666746826132849;0.0007535786919663154;0.1485279688304821;-0.09477383264666185;0.3142072948474831;g
9;0.7428176816703527;0.0365988706338352;0.38867564378873876;0.0753823275576034;-0.4438740779937987;-0.26920686655509957;-0.058873335264947715;0.08586963186768881;-0.01870540895747297;b
10;-0.6904652935746578;-0.9690265040787417;0.036151313031736375;-0.7699092497743644;0.1414821635452136;-0.02381293260651074;0.18036541479667925;-0.08826523678964024;0.44926516595333144;g
11;-1.256353394310672;-0.43913047921880494;0.0309848757829336;-0.7626529038731378;0.448884664078216;0.1568254871378681;0.16543664366175453;-0.1862437018956195;-0.7907371167143358;b
12;-0.9253647912455992;-0.6783583134549883;-0.08448489077636345;-0.46733373852816634;0.030335455387019664;0.05896634003355154;0.10077017564339111;-0.04255163214576475;0.14944552366029334;g
13;-1.1310523688193572;-0.24931825480508074;-0.08595493151020518;0.2008123854333298;-0.07660773896978415;0.17845722432609507;0.018974283912525394;-0.5530757402193017;-0.12973956647959087;b
14;-1.1304058455091468;0.4192353089857602;-0.1953939232858617;0.30999592981691626;0.07547721636655084;-0.08077956431465895;-0.024081547694002097;0.05439269997710158;-0.13693247044873283;g
15;0.15351771119516855;-0.20930084444994035;0.5076929704762481;-0.06727339538879386;-0.8202741944265849;0.18922704726688494;0.2087587155092497;-0.20015390088700866;0.04922402096267621;b
16;-0.8948118273047777;0.20401570285075238;-0.16617001232008696;0.07122848418849234;0.02560235822625119;-0.03067434491486611;0.029842905736800325;-0.005068330568247799;-0.012755225314697333;g
17;1.263677242114279;0.17761298521400287;0.733763672497765;-0.4867873109941046;0.8562334716913413;-0.6277418383762045;-1.4269800746398653;-0.03643612714517942;-0.4318831675741943;b
18;-0.23589522822062292;0.345703167638799;-0.07606803878156419;0.15064898350487754;-0.018612557645293425;-0.09936165429089833;-0.24563981736953291;0.06444280833682811;-0.10296629854735162;g
19;0.2775977621846806;0.7709080489786055;0.3705428625212555;0.639610725970484;-0.3804078730903058;1.2651208907354743;0.08472813860932749;0.27835110672865193;-0.8045340151631946;b
20;-0.9796667325772822;-0.5325598005853606;-0.14337651322326844;-0.26096975399702327;0.09317062317618122;0.0007755327838901357;0.052951909894097295;-0.05516132651070599;0.1888512975927569;g
21;1.579545109740033;0.3074589437701326;1.1402823686715526;0.49863385681226974;0.692201441363942;-0.10973428106558879;-0.3045806476283938;1.0039626323687048;0.5960388304030542;b
22;-0.636700047059177;0.059502132891366605;-0.1388981306932419;-0.11700913507707103;0.004150573699457354;-0.022011197464318098;0.022418130853720936;-0.06072723096160291;0.1662678528807789;g
23;0.832482524828097;0.1734201607684494;0.9222989412812266;0.3791383486955153;0.9920484621985368;0.07340324107999366;-0.5784425949336068;0.5818893509324979;0.25706621436643834;b
24;-0.8012048867789161;-0.32360976188684304;-0.19913646592100628;-0.24103725716857968;0.029920506058354755;0.06385733394945986;0.044489831460226156;-0.022551991464188896;0.11998619294191597;g
25;-1.3362980142922587;-1.5159347614920025;0.251387346890773;-0.6664751850212269;0.32338938833880965;-0.16051370451302407;0.22949382395926693;0.13131456588318124;0.25489499395292037;b
26;-0.5287200423898568;-0.8118180951798452;0.022585436458365988;-0.811517807838549;0.2408661462084175;0.2334834564574514;0.1920079951097664;-0.22589119785339296;0.2538447194232133;g
27;0.8646635725878724;-0.4779637975819071;0.9896581835199086;0.23916900287034865;-0.056643872537610884;0.1302422566705388;-0.15102237584764874;-1.2110188030219484;0.3690342702877561;b
28;-0.9658585512379417;1.42722010100398;-0.16589639863640143;0.570074745139117;-0.09045335303771065;-0.04798026875237997;-0.03127564356069078;0.030361839105488654;-0.2578183136920341;g
29;0.14031729867428255;-0.9427201951116924;0.8429822864186384;0.40566767165718226;-0.5791782744349087;1.283688639652394;-0.6525900355319895;-0.01866347452553807;-0.04511118249832433;b
30;-1.1500805391340638;-0.7812645205320548;-0.1862680469328771;-0.39278954897180074;0.11091367183209855;0.09980589838789362;0.09727378330048386;-0.01388392651552102;0.008190661722197512;g
31;-1.2804017337149505;-0.03129226303347854;0.19704293681394483;0.24265755766569136;-1.032468007198801;0.6955799356502536;-0.1703318829445519;0.21131270808396335;0.14924507934539255;b
32;-0.6623403578715322;-0.6186065021269386;-0.001597753306793833;-0.48795782634361806;0.01302935183390189;0.01769332693364435;0.09610584163056894;-0.08703330352112844;0.22181417074729495;g
33;-0.4852025533315674;-0.13075845293706753;0.11559717526938403;-0.6073153600094208;0.31681252435210433;0.03892894052084514;0.3616214101066033;0.1323895401046415;-0.3771124763104558;b
34;-1.0905394695904076;-0.19975909993123905;-0.036509904748308925;0.03187020450321347;-0.3933812475985487;0.24871455882125038;0.06994547139854078;0.4028821835507254;0.04020516995244883;g
35;-1.128004113528892;0.15676407924273086;0.09104480366414633;0.2029680341498985;-0.9350278009052422;0.5726632634941813;-0.3308280090086518;0.44329028558879713;0.18125640044949193;b
36;-1.0267060768756477;-0.22695393982706996;-0.18211166130920076;-0.10025363665319681;0.06742626863934865;-0.014398650368697453;0.023350077651684356;-0.0015204102199984615;0.04312472570987243;g
37;0.7402029861658738;0.734854524648964;0.6767126387382763;0.5481552662691532;0.6673399804118127;0.30308694622967314;0.09520757838831989;0.39084503154757627;-0.5631904108521412;b
38;-0.8197532236404976;0.2251905021098239;-0.13002151959358146;0.021749873697251513;0.004118473276400866;-0.051878768415695165;-0.0012356157709738423;-0.0032728703331555264;-0.0009642254370659034;g
39;-0.7054653289324142;0.4225586092552762;-0.11075412661282952;0.044641165856036724;-0.14390913123414617;-0.21764462330110038;-0.11919142159827997;0.26229943728988625;0.16294493762563486;b
40;-0.3140035107658097;1.2036542044022516;-0.13277245871951984;0.1723931493332603;-0.12155067337461674;-0.03370323680513082;-0.005803340122380953;-0.08455735793842746;0.061024104107326005;g
41;0.822777013355836;-0.6515945297222151;-0.07036665825272577;-0.39469619765481256;-0.2860635032990093;-0.2301893292045571;-1.411553297285413;-0.6777721585889838;-0.33277231033396376;b
42;0.020978576591999643;0.8976219981412535;-0.15450991810151762;0.1980446462777644;-0.09819139532634343;0.002543699479849358;0.010724869863471029;-0.19338817720597304;-0.023135205648055934;g
43;-0.8747303898551124;-0.2008455816040952;0.2380013313318952;-0.6082193811466833;-0.44299715112704846;0.1964003110923661;-0.18848397755130958;-0.7842186525047714;-0.9048454652717607;b
44;-0.804100662489397;-0.8425531729497079;-0.062446158909008065;-0.5989501880508734;0.10419360088011097;0.014602666122161087;0.13815557787483126;-0.06347600911578602;0.25907409419971317;g
45;1.0936977824114968;-0.2553173589730831;0.3838794572983048;-0.31207986739206806;0.7739180013383878;0.41432598032097595;-0.377607248368419;-0.5476841477412339;0.27495415571982873;b
46;-0.9674971720357508;-0.5276661457998035;-0.15108507337788524;-0.29786626625894524;0.10747349160462695;0.006363439627969668;0.07969706369598614;-0.023065449021002486;0.10990107684971491;g
47;0.37430139343404834;-0.4341216121924027;0.3569865946418147;0.1273947042364037;-0.3865221638859619;-0.25997393030451815;0.993265496579265;0.07215323040952083;-0.16074119952098836;b
48;-0.9289232372866831;-0.25280256908946336;-0.1520392792733437;-0.14880659849493294;0.06509918947160405;0.0016184631283510317;0.05102367215614916;-0.02047139355989874;0.06099016519102816;g
49;0.761947408057123;0.037584901198795755;0.5213927826290528;-0.13892643600140292;-0.12331552304836435;-0.42511486430784384;-0.3937885684258668;0.3361256969879523;0.566732461166966;b
50;-0.8151459588511285;-0.05264002522295984;-0.06467710663549055;-0.1335789581275576;-0.010485797101829116;0.004540378228593463;-0.07165227709800825;0.12941212909756883;-0.34055280979756375;g
51;0.36782077307854266;-0.08712927663835227;0.38295118611099316;0.13268338607343108;1.1798885975726627;0.34240070097763753;0.005073687366118466;0.3616797763100261;0.4371904224710471;b
52;1.4178865138730585;-1.0309926338230735;-1.4391316239423386;0.525019209314176;0.35647798129218017;0.17776509689119313;-0.06482593863776248;0.3291556115964847;-0.2962495638353127;g
53;0.6159920398851663;-0.1012652949151478;0.5246055793136001;-0.4078942197844184;-1.583665688060146;-0.36186753624345075;-1.3327325305465554;0.8660824526379632;-0.38973550979466176;b
54;-0.9954086468372851;-0.4737355517482876;-0.18337988191009016;-0.17600784923694163;0.14844895321655124;-0.03153080179800622;0.08813356212492143;-0.025838385044459393;0.050723146927537904;g
55;2.0419643466740562;-0.40648135650997963;0.6070823661362794;-0.18170724977524916;-0.8049085163104156;-0.11153168735188186;0.4448006160788107;-0.0746497085779815;0.26030380689604354;b
56;-1.0026962936374033;-0.27154428779981105;-0.2835638555188685;-0.14045343012985947;0.1637731628585303;0.05774143513843511;0.14021200951455648;0.006009298954082306;0.045918507609749415;g
57;0.6399569547605354;-0.2059761358790831;0.737575323301794;0.8856165154965918;1.3278114319100223;-0.17960041463713344;0.532330669554397;-0.9776069306746077;0.044044901034266004;b
58;-0.9942683821324244;0.2812049379668953;-0.19353991922580807;0.21061738734834387;-0.046721748444784876;-0.05940499117209929;-0.015235186266838644;0.04188720724825321;-0.03776967772793373;g
59;1.0477872721356174;0.35906465141570676;0.6442823829810885;0.039028885596475354;-0.8880015654508894;-0.3075344462436977;-0.15998481216761073;0.08515902861248;-0.37807842456417506;b
60;-0.7806225976051782;0.617502013291961;-0.17492346095950434;0.2329163762525543;-0.03427815645135715;-0.08067528858232781;-0.009608154457468838;-0.0250981315206805;0.03333805615835811;g
61;0.4359861755282475;-0.36775813471980656;0.4377614999307922;-0.23915928801270137;-0.47850826764106846;-0.024226148810481647;-0.18516150533302453;0.3687634684247612;-0.09108891699650773;b
62;-0.47173194171320393;1.0686126811617287;-0.16164801682143243;0.2703690508204375;-0.03785981087909519;-0.09692302301393867;0.0020220373951455074;-0.055210649290922134;0.06700721066232859;g
63;0.5224050014160326;-0.11780687408109212;-0.5070557585623674;0.3143121548294227;0.8656280849641024;-0.9864687669786424;0.10361606151152891;0.058425724633307086;-0.614543887108982;b
64;-0.8447275109693552;-0.16105776164801447;-0.2132406561005027;0.1517443687757955;-0.156672996210964;0.06496046201284435;0.0410505254620142;-0.16320355631416578;0.1967593089089065;g
65;-0.9479752552877673;0.15673515929727516;-0.17408539278651325;0.03447982065415095;0.10372719865745911;0.10897437836916274;-0.14827562911086234;-0.021837397400554952;-0.1438757292517106;b
66;-1.0126389674944056;-0.03370448307605012;-0.26859830625630987;0.04222850084038114;0.3233230064994294;-0.13609798809198279;0.04149264416125275;-0.05600663306681298;-0.0053955662247732895;g
67;-1.1001949893642782;0.03179521644534021;0.44886089379873834;-0.4423053057605826;0.5658630171836782;0.6725250122697193;-0.05378360735518552;1.157183897916056;-0.1851813262112747;b
68;1.3119763176028678;-0.9126490182439084;-1.1278222659417216;0.14291925515688708;0.24190100300793124;0.23549856465753274;0.0047144139441300855;0.1460836256535859;-0.05843105191992215;g
69;-1.0378744825893162;0.8244109852532606;-0.11424260079237498;-0.6303803896113094;0.6029924471879016;-0.11410139416826401;0.07580969889507151;0.18939963214053057;-0.9814043048007355;b
70;-1.014158176136864;0.9329086679931441;-0.20326796781524312;0.5048266123363776;-0.12535350395943015;-0.03128105582453523;-0.05774573519900855;0.028206236604857684;-0.12784150690447005;g
71;0.1954694912140007;-0.8994015980459469;0.7003593552999166;-0.14079668355128847;0.06083901569594062;1.1642355754885136;0.4137607210164742;0.2597657214066044;0.518046074543906;b
72;-0.4065849417011936;1.3213237763700403;-0.12024888715100629;0.2744335646138396;-0.12656103968160332;-0.07126166472477623;0.0008680637355788674;-0.07371717007004325;0.04945410641239811;g
73;0.46079975848073734;0.24752684521292162;0.27562452081829064;0.24825052549669518;-0.15706860957956312;-0.3526122841689716;0.22683348916144802;0.18964357335969353;-0.1546247958317088;b
74;-0.7380608166724477;1.0350127976363515;-0.13702221921206553;0.31166485580132147;-0.060022101389913124;-0.07604518331435207;-0.03247134205848082;-0.05474977161955929;0.013995812418668846;g
75;-0.5844830896226014;-0.22341140389723607;0.2664635871789298;-0.4389213350632611;0.5025389695293278;0.07891790612661614;0.08793626296881417;1.371347744404624;-0.4020758719178156;b
76;-0.7097261375503895;0.9230317186807502;-0.1539959796893821;0.25760127750518874;-0.07106175550436368;-0.0488019909477765;-0.013150906754500934;-0.056696120075983264;-0.01863617404713666;g
77;0.6351161635221338;1.330792815927976;0.26252991807196874;-0.11956567073889957;1.7971088536414384;-0.015889032189590382;0.33276875788879934;-0.1913419793156957;0.15479898614558946;b
78;-0.4138114977855523;1.8452213887832833;-0.22475484966746886;0.4190603346633227;-0.05738655637743211;-0.11194447916988992;0.092379001888413;-0.19107114117610818;0.06713345543725602;g
79;0.5093906028879318;0.7021404300832417;0.03660922624127304;0.7540993244081724;1.7558491225783905;0.07547986333603757;-0.07514248749912569;0.22945178514940906;-0.2963046676727219;b
80;-1.1008973176010655;-0.9106072175657463;-0.2833656279682292;-0.3074457865197602;-0.17236979464282434;0.3459060510040198;0.042513342657459395;0.11886280562082258;0.1372552613468388;g
81;-1.0145913259990735;0.016376124302100573;0.01451270022674905;0.4917151775710015;0.21087636799405707;1.386216770173382;-0.11651205514533347;-0.7398022604674387;-0.45225173479641195;b
82;-0.16716852759730327;1.2355053816972041;-0.07534750092741829;0.15741026617844847;-0.14545207323580545;-0.050515257022745876;-0.004837258643721618;-0.10149747771256823;0.07218538685037443;g
83;0.4612756386193429;0.5286090503400203;-0.04715595255663732;-0.16614340589550222;-0.14880294529484683;0.15258910174400453;0.10909476808379083;-0.08096892066708437;0.10942973426275451;b
84;-0.5037361339268104;-0.06161261427611215;-0.06377761080123735;-0.12931766195629732;-0.05110120152165385;-0.10688169419071482;9.538849272863292e-05;-0.023981030633498965;-0.02998785752756884;g
85;-0.28280615299350226;0.20111895642764052;-0.042070792277739716;0.18488126435019725;0.0009221994393671003;-0.0734063351296358;-0.1999044962598071;-0.4650676465733369;0.28635991867454225;b
86;-0.61979288323061;-0.17022089282669814;-0.08082873027410388;0.07823287667555402;-0.014291245924409616;-0.09108701438714506;-0.03320297360691175;-0.009976629190586337;-0.023603085335379678;g
87;-0.49447601552485154;0.11342982277995604;-0.3436805845006425;0.3447515040738104;-0.31921284918782006;-0.09540059886344712;-0.30818096087137214;0.11659555470456011;0.37837734281167;b
88;-0.18414652264356776;0.07261927731006194;0.09698770866360537;0.11265436531596013;-0.09910789260308224;-0.1579197188448846;0.005753845709677858;-0.022335930345169078;-0.021111472540827354;g
89;1.0413251097780303;0.19367430564031796;0.008271658526561166;-0.4066281343782505;-0.16137714709860757;0.08545279929546033;-0.09060857434032832;-0.26111631754793063;-0.08849872586696814;b
90;-0.6936057783234449;0.6800081738062341;-0.09599580914011979;0.37129277710020897;-0.23774282483620224;0.0347711166585208;-0.07180748200856257;0.03852493930068691;0.07622818183486366;g
91;0.111416422906116;-0.04979104572770163;0.5239411711600642;-0.4373199351726467;0.14073163066220995;-0.25006202405193045;0.9265472386659226;0.11251647073115748;-0.6217174444836121;b
92;-0.12434313160227484;-0.09445582698947921;-0.10470907136794261;0.009026646341271441;0.03749026712839883;-0.05130871668857205;0.0004882876425522991;-0.22187405074760105;0.09962580480669408;g
93;0.258429441061363;-0.0017711395218003882;0.39282765202917674;-0.05482055574257011;-0.6691221709562938;-0.19286818419085838;-0.36340596933117403;0.2725625871914583;-0.29929116841374914;b
94;-0.17291206219246794;-0.08750310997151703;0.1158954912971332;-0.025157473571661756;-0.07426224904288964;-0.11409740752726451;-0.01907866204100108;-0.03651387558713701;-0.020803362903552752;g
95;1.0952842093999933;1.242424353485608;0.0826528845750759;-0.3977323767008823;-0.16300486238345396;-0.068873062525313;-0.06299100789783973;0.0036099625096075094;-0.050079867885979845;b
96;1.1234905663992194;1.227123942149744;-0.27129529961493637;-0.6389007497515571;-0.048291820482998744;0.17103785583291545;0.08060683428841203;-0.12439738094442691;0.14661797295094675;g
97;1.400182179589483;1.0205904830686756;-0.43828261325947226;-0.8293948635163109;-0.0034721925495219963;0.2796715637937689;0.06925442803766908;-0.07354613173245911;0.1281183345475151;g
98;0.5420152956763021;-1.0625938377006967;0.3340531009035571;-0.8416064815015295;-0.7261863786864965;-0.22445244905757333;-0.28773895157840357;-0.43490632229911774;-0.3337906510984425;b
99;-0.5344188551622312;0.15862896144792404;-0.09012334067120416;0.10158345505023376;0.015922598428796546;-0.12730484127088315;-0.04869526648855054;-0.0632101092845548;-0.024357247452273533;g
100;0.2574205502268337;-0.950402339968072;-0.019897983148311798;-0.81957015481194;-0.42114317674524504;0.22777855962093935;0.2750924244160004;-0.015600905588972636;0.036822030684701405;b
101;-1.0970486323996531;-0.2861483997953059;-0.1856307856493573;-0.0674469711597275;0.08012362844704256;-0.023644525746687888;0.042960396246596644;0.02760502243698277;0.004554622113197716;g
102;0.7154465342251033;-0.25555739019066637;0.8021115355130326;0.07679738729389951;0.28249318057374984;0.3071713109305786;-0.2821930563348429;0.2804241394552714;-0.17869212912471427;b
103;-0.9905630580720075;-0.427858531685225;-0.06301626146170083;-0.16119302406411773;0.013401065089496062;-0.05007794541224971;0.09831349207232583;-0.0008286651654698567;-0.04343452493763102;g
104;0.14816131024218124;-0.39186524492001035;0.4546727328298001;-0.2895982163400302;-0.12530884529592162;0.016772637280260662;0.23025646140843942;-0.3381054505033013;-0.21040349785416587;b
105;-1.141643038554771;-0.4578307441765338;-0.15174572933120525;-0.23407195274540987;0.03334828963096128;0.1686999038317561;0.05266869533066098;-0.031620052379149104;-0.20307114357122247;g
106;0.4632373033892121;-0.22398577759465133;0.3772568309674695;0.094578678210847;-0.0029458096204539367;-0.3164293799903422;0.14272856081410504;-0.3482186132371416;-0.019221347613868234;b
107;-0.9678102798043944;-0.2170675938686868;-0.1018377281152293;-0.12122602423058039;0.07874386078305644;-0.033791751961545505;0.13639512973915952;0.05542747595822597;-0.06552419493184813;g
108;0.5762318739699135;-0.5971878479806147;0.10834639274026427;-0.07641854889913846;0.25932210388115773;-0.18284688912362146;0.20773821833968917;-0.23933357506375189;-0.031736148167351264;b
109;-0.9439231661904769;-1.2198421804429658;0.12635699487165172;-0.7178044384421468;0.06449042812485814;0.0002991431756589197;0.266068015654514;-0.3048989404980064;0.18554578918130554;g
110;0.12841496013337936;-0.6038458019959111;0.24055656762546135;-0.2539180453122477;-0.4334197034299419;-0.0030040301566224724;0.26202743053387656;-0.4222063624548211;-0.08805863284036138;b
111;1.1325431778959134;0.9829989724554915;-0.36205696379476;-0.6370288487790682;-0.014910161290780533;0.20208350231922925;0.06402837671506191;-0.09637608939214351;0.09612193264752739;g
112;0.11088055615194754;0.0015232583165001002;0.3077436602591537;-0.08920589925628958;-0.3052783367898817;0.008263526558062709;0.28760903380575903;-0.40393205323544545;-0.3586518324349911;b
113;1.3373985999347926;0.8397612458080254;-0.5587127715143337;-0.7675070558224106;0.06085070675387772;0.2990804688551893;0.05611673389815825;-0.07923644530927375;0.11641433773961324;g
114;0.8916671410238183;-0.01764603998538612;0.13492151465772614;0.10917557116154178;-0.2641434090879537;-0.2760707775225734;0.14594690467291122;0.1391101674879263;-0.004312862664315104;b
115;0.22985920436755444;-0.03677140427505715;0.21151091630103538;-0.05386439404851974;-0.15834946124175975;-0.17469148592884698;-0.023540190821778138;-0.06507947047417166;0.04162355139893131;g
116;-0.40588973499762826;-0.1575619919657905;-0.07618883430791142;-0.21043469753283184;0.0645694449719137;-0.007569317359410331;-0.011532719318384595;0.01345869542717321;0.2771168340027274;b
117;-0.6152653258404879;0.22695986685890876;-0.1359968381480982;0.06348311214406505;-0.08035217887739039;-0.02387326215886676;-0.0049440326380107875;0.01104200327146199;-0.03990810365983319;g
118;0.5812812607193887;0.11089031679155112;0.5568943035402688;-0.1318998128844081;-0.2887369759975215;-0.17650284093685709;0.7549908500835824;0.45682674196867357;-0.40602781971528484;b
119;-1.0301472761972588;-0.21176365887411247;-0.16069865083107662;-0.09906253294668678;0.013246619841070348;0.026815023964831222;-0.1076888346069681;0.04356028192499887;-0.07805062292313909;g
120;0.03885162919683318;0.016644984908004187;0.3101922636341173;-0.2667079281463349;-0.023155286405013;-0.08221390032628509;0.051553900442420836;0.10502977080739187;-0.17507359095371436;b
121;-0.7064096783802214;-0.0819822505878469;-0.11256494151508002;0.15053977897501875;-0.49317982240207203;0.39925770193139554;0.04590220261527216;-0.15578710694908363;-0.11457731175436682;g
122;0.5905941056056999;-0.06741923599540556;0.20026557070047668;-0.1697280538991807;-0.18235656882449852;-0.4262909957565965;0.023555596592047603;0.518468668850656;-0.16362624353468153;b
123;-0.031097734500785405;-0.13202701337695705;0.08504553244439933;-0.13276511720259462;0.057956671138880485;-0.16217748218283531;0.021269152903865746;-0.12379285431938797;-0.09038059776791446;g
124;0.643005150629024;-0.0921390043312535;0.15914957664385734;0.11962257149595558;0.18604920080293313;-0.09228762932821805;0.4941096799592934;0.7456310810239476;0.19670874216920178;b
125;-0.5112979963785503;0.8544698660659759;-0.09217433895349819;0.14989200975645806;-0.04694373962351844;-0.2098436080012487;0.11506631238557209;0.1470089359148496;0.12977655218296855;g
126;-0.7293108581172104;-0.02909391360489494;-0.23065110694324148;0.5418106458113673;-0.2628930133041211;-0.07720609651658153;-0.20900543924488427;0.023290965256651024;0.6569494346954282;b
127;-1.0715724543074514;-0.11754644454655747;-0.195517073184621;0.013004963327170957;0.09400651387756609;-0.0507813242872314;0.0013333174021234804;0.04562433120719762;0.0033488014508036568;g
128;0.44979487689030384;-0.26845701997493515;0.47022308453257367;-0.013936460232257739;-0.584391164915758;0.08157018639600314;0.22587230025213662;0.382129032505686;0.47414948821060593;b
129;-1.1144739180040697;-0.08568890847197876;-0.19958839567003395;0.04949765874436776;0.041238291995702815;-0.012218156887830957;-0.004249687040056134;0.04130026024517596;-0.03907252355594168;g
130;-0.4536916022399621;-0.17789656123065584;0.2417282187196318;-0.17089761110026325;0.1261971617373087;-0.15808458139054518;-0.42827421744473243;-0.15154107789533863;0.26274685338621895;b
131;0.19077827436840766;0.12961378869736345;0.12606495198917078;-0.07728647085104198;-0.11111920962862712;-0.14730207528047726;0.024829713163820915;-0.02319789189933721;0.002584242976787582;g
132;-0.3494013256076366;-0.1852641195636987;0.026538728247529068;-0.09784793921820352;0.9661366536562003;-0.5611877626626606;0.1942370259382214;0.021472829762787596;0.4971007918405662;b
133;0.9835086235289703;0.7709389060340847;0.0015417673134603548;-0.48143751747119795;-0.09051548961382991;0.02505956179027607;-0.0326033772187972;-0.08147862998694888;0.08144685638705132;g
134;-0.2306321369496536;-0.11099276361760985;0.3122445020534463;-0.45409838898366844;0.7984976657340186;-0.474008919843299;-0.1730610966252052;-0.46590308506358763;0.0516543044739424;b
135;1.3797221375037767;0.641798346678872;-0.5617042860542814;-0.7962114399333307;0.0960237170434161;0.28437052832028353;0.07880269164107105;-0.0489104213747349;0.08475288595307426;g
136;1.6260639848373155;-0.6557735859188942;0.37214098015602415;0.12252920707039477;0.014644003988841442;-0.3228536181152275;-0.45288838539034754;-0.2703984460051961;0.19094348420321533;b
137;-0.19443442902493482;0.09712503831601081;0.1847997234792871;-0.08118418973044202;-0.10148804790264221;-0.05869512766658193;-0.11540095428277836;-0.04215979823213317;-0.050983832222527684;g
138;0.7702014863969028;-0.036917776036529806;0.43465449653724364;-0.07442465021639683;-0.2103015580804092;-0.3188187674431022;-0.030646717197246067;-0.007283551286973233;-0.06579782063935626;b
139;-0.4761861513810591;-0.22740849749115288;-0.06411390649779924;-0.2710284717094682;-0.022746193374692983;0.10415145742988367;0.12024820575907212;-0.07815194595219417;-0.0139068889160716;g
140;0.833507221745522;0.024763075939533894;0.7379182631279282;0.04794114631842958;-0.2521064831262241;-0.20913316039134905;1.6579851978530824;0.15505891560302112;-0.33669876374984864;b
141;-1.05633645320507;-0.07094667942890895;-0.18242933802183803;0.07318384537650853;0.039985507173747166;-0.04306569514947395;0.03126741761052555;0.03934085977811701;-0.048802047970793565;g
142;-0.8061469033502486;-0.708886467876538;0.01247576232957294;-0.18224981385377373;0.30466271118320093;-0.06123352137531588;0.3534879645085478;0.07898844852374748;-0.10796135525604386;b
143;0.626651177043776;0.00437354355104736;0.28084425835622373;-0.14024559242439916;-0.19287605812923947;-0.17572962761027872;-0.014136199221435337;-0.04731290592097878;0.022795924138060454;g
144;-0.3798166951193647;-0.2974028063062189;0.033932083443057676;-0.21112173793931693;-0.05108077891543571;-0.02900223723149784;0.00535999982752777;-0.04037225835944846;0.11265322184409643;b
145;0.7304790540177445;0.06553482512499285;0.08520279992241425;-0.06876662998558278;-0.14124101165274836;-0.12649907205400424;-0.05964529663029094;-0.06851478360677203;0.056418655851877914;g
146;0.6613562603949872;-0.08641877828349322;0.47275408378590034;-0.20162529707009935;-0.1842255357936866;-0.26645562001230166;-0.02535486680503808;-0.29723217821134845;0.07075018662593598;b
147;-1.119872706632167;-0.015031071478167516;-0.19727515337556187;0.055537294267956075;0.019816159827541625;0.00709052887908661;-0.01200282002602821;0.04753289277584146;-0.11399014202071528;g
148;-0.9148607974036375;0.35167959854792397;-0.4482674461273706;0.6656231306020167;-0.20581751248125185;0.06315061087056709;-0.20283074033470788;0.0751101289082522;0.3081526959119425;b
149;-1.0666280799918553;0.00697356410731442;-0.1963085732086281;0.1066208174804082;-0.005320309894652604;-0.00022368772319122758;-0.06165537396527773;0.02065891979478147;-0.039933042638038735;g
150;0.8527459048877767;0.1723445757801076;0.23242587369115697;-0.29524279329003505;0.04161280373021173;-0.09360989560601495;-0.18039099110747883;0.04757956609939457;0.10016322971676767;b
151;-0.5458330784325198;0.09194930179810418;0.004788509599294915;0.09806452793970127;-0.10387028889697529;-0.12735999609226023;-0.0888414788525428;0.01412783541141501;-0.005940010613442815;g
152;0.6790546668992293;-0.00411935041389008;0.33799405446906594;-0.09808415568613929;-0.2121385911858505;-0.1912403112583033;-0.05317755601267744;0.006065500963655548;-0.05454133009045074;b
153;1.2608990840675114;-0.37661854678969453;-0.8357142698336277;0.06386544737531474;0.08499840823548369;0.2155693607200033;-0.018454998138317753;0.09838156372335724;-0.04436717843149482;g
154;0.757452596796976;-0.009404649728739835;0.33410379340408236;-0.065267359476097;-0.2362330483146922;-0.21692198600541063;-0.04364674111720859;-0.005222957277688634;-0.0520275231067159;b
155;-0.7376592675722419;-0.023150176365064994;-0.0869999762264594;0.017363801572865423;-0.017123269864042487;-0.04827497243424149;-0.0394063783401925;-0.02275082291426534;-0.0721548610144583;g
156;0.6979506442923986;-0.025429630234433308;0.3596245151523736;-0.07600370650069706;-0.2145922997741599;-0.2505991126179101;-0.050324403155121905;-0.022357347577615826;-0.02328593592142135;b
157;1.0691429081428954;-0.13025261488086565;-0.3063747050900583;-0.04276105143559877;-0.07950369573844968;0.008798224096262545;-0.10562838596830437;0.015309552682666698;-0.015620445180608946;g
158;0.43264437557609287;-0.045237065432698946;0.3261896565344948;-0.1495661671868649;-0.16177889498197304;-0.2120954068504152;0.008208717039352019;-0.018014135811323054;-0.03909585463527314;b
159;0.8700802075828155;-0.365248026023951;-0.21962563695780485;0.9964721956865689;-0.06393725819347036;-0.4057337575339191;-0.043980847838008014;-0.10698899992207647;0.18440605629952797;g
160;0.7140412304436263;-0.02171609385291341;0.3292026530380596;-0.09494865268681177;-0.21035822579612706;-0.22002519673159932;-0.05397116107534023;-0.06041389993335816;-0.022615559100555252;b
161;-0.8184679145789039;-0.08170900529846778;-0.11162577199777943;0.029404584053926538;0.034623670324929884;-0.04404163706603479;0.03432704216457718;-0.04343610512059519;-0.03923371287685054;g
162;0.28910772759602005;0.5494157245136536;0.5373866369730352;1.1167129484973033;-0.7325614982301635;0.5390890194091014;1.3878173296804575;0.5383620342581635;1.1827434133876107;b
163;1.0605946075538437;-0.46263527474244553;-0.3395370433831815;1.1328445319181826;-0.06951293977772553;-0.3469468158470554;-0.02222301377117151;-0.15411212861270474;0.10095515805952468;g
164;-0.4342439805176599;1.0948877786699047;0.18154307577531276;0.4212445383761464;0.1618162144031783;-0.45926518962153723;0.21445868899895784;0.3218750503436217;-0.16993200047982523;b
165;1.0201551967400997;-0.581496184145116;-0.48549865729722536;1.3981457039238026;-0.10037032922725694;-0.33361847112373666;-0.008787018659165376;-0.041085012450909085;0.2077789352216054;g
166;1.1440712950767633;0.01886692476037151;0.6195586549430397;-0.224672778426522;0.21248704124567896;-1.2401404733851384;0.19048538022765316;0.004351488618041785;-0.8333187928386998;b
167;1.1279760964578747;-0.3507878149762148;-0.10419224175623161;1.411729925598518;-0.20264460863188122;-0.4327205406107868;0.09684919933752131;-0.2864713256981602;0.21364797330396268;g
168;0.6859220344994726;-0.09338529203695112;0.819952128174887;0.22256078476909552;0.2562959689833239;0.31644035717718727;-0.22713801883720447;0.12702638644383082;-0.19357140268137155;b
169;-0.692405307723481;0.3480474553110961;-0.17515506246512486;0.22331423781638557;-0.10898619511714223;-0.06665009369966328;-0.060294290445826286;0.1168188547885712;0.14702977491355634;g
170;0.638082448689661;-0.6497932217493694;1.0808024206569722;-0.15015836729544935;0.6349464830693098;0.4108787915858077;-0.21725293600596274;0.39917549626713333;0.7743288678169492;b
171;-0.8892713313081783;-0.1238481247666331;-0.1528054270494924;0.038854402516768735;-0.019146437164573125;-0.03494099820571367;0.06469270970283546;0.05175592682606579;0.022302077752470964;g
172;0.8005404867380254;-0.16714838744040889;0.9681441655816415;0.0472368424406978;-0.08777543075215405;0.6613292560074553;-0.14505712281872907;-0.22279911527804327;-0.5117098737396101;b
173;-1.1378175656955598;-0.11202391380288225;-0.1530392955300614;0.04257957109433877;0.27543961307164877;-0.23885573434907575;0.08435663584602007;0.053859908170833116;-0.03489634961322221;g
174;0.6334148651513211;-0.11148520460539654;-0.045171585864689584;-0.22470620659543772;-0.17857404197472393;-0.08756822904807215;0.14357152911875354;-0.012003144267169724;-0.357824171601466;b
175;-1.0693917503926247;0.20625388744273884;-0.342515201715181;0.2992738086565213;0.09748837847011664;0.008082231263807492;-0.015067373001567675;-0.1230717651378957;-0.03463696062667672;g
176;0.4630523191651682;-0.12441984505961645;0.6499249756777861;-0.034575922679140544;-0.5387711455467858;-0.34766444348083747;-0.285759571879321;0.04972509164061049;-0.18976699443195777;b
177;-0.7724165791940654;0.050217082774549754;-0.13734451713715154;0.1149803225181372;0.12563175886744118;-0.16597467076056197;0.17144822990282826;0.06755163731902328;-0.03395666479906099;g
178;0.6297405386271288;-0.05536254242561594;0.33801315304952734;-0.02779762746603598;-0.25014448407889234;-0.22638390915340145;-0.04481989178773581;0.01946414911468002;-0.04305592043529417;b
179;-0.6546648248133811;-0.95704731864143;-0.011647476400257765;-0.7473055502930701;0.11912748720175466;-0.0014953687105768443;0.1582184063869427;-0.09767665397761997;0.40122503675679266;g
180;0.21653630937190899;-0.41043510025786295;0.16251477350290167;0.12264641858407686;-0.11947359641135281;-0.17980429354363073;0.5313857260177449;0.7805186701149368;-0.3994967186316475;b
181;-0.31290254196324385;-0.4919882037869727;0.03273838517387126;-0.5437501817742973;0.12386426540811907;-0.08659061610247079;0.05771578230808567;-0.13352273889376948;0.4057520300240842;g
182;0.40044848847825154;0.3535999990992131;1.3725933565139243;-0.491686289295756;1.0601669985100983;-0.3061412326519173;-0.598497805293139;0.05726351986121751;0.35270435863271166;b
183;-0.133542723730059;-0.6381209454966914;0.12921485395261714;-0.6749434308331984;0.03337557666994497;-0.030925270897860048;0.07326636774794583;-0.2414844253520175;0.5302520567522248;g
184;-0.08704440770713787;0.07728068352408916;0.4045157922978604;-0.5222017073952401;-0.9209284080936301;0.09593954566281554;-0.5302652978833521;0.07377581654109505;-0.48968681206052067;b
185;1.0535164856250556;-0.5913768488214575;-0.4562645759078569;1.120927839054705;-0.051714208798450755;-0.2930962590527572;-0.0008367991459209481;-0.06717554871719313;0.09963915433369111;g
186;0.09706477411153698;0.36684614724586284;0.7438002267179681;0.06652923753188798;0.2261464576758638;-0.5633393778122462;-0.050386969680902186;0.5619976016421566;1.265884468899855;b
187;1.6742636312729269;-0.7318808644634127;-1.3235225559543193;-0.28791649294381716;0.34047258141621767;0.2498989745655203;-0.15200636825380723;0.14986463658687812;-0.2430093852535565;g
188;1.0438891766709348;-0.5248593827186505;1.0295533365491387;1.065191074855143;0.5502510840824473;0.7833454641888391;0.34016342924346676;-0.3671229951916184;-0.5458544612939144;b
189;-0.9275470564621452;1.0028853591738702;-0.3473731300941775;0.6688130538396841;-0.2328743318610862;0.07304885740639155;-0.21425388790937983;-0.13158589425861805;-0.39322291154632744;g
190;0.4390212400631197;-0.6292688513630496;1.0634494971939097;0.19795989787789187;0.534719795266654;0.3743243764316762;-0.5811155686631826;-0.3514386261252554;-0.4293972256924308;b
191;0.416443991828814;-0.31090529137151507;0.2885581122690919;-0.31754951141364085;-0.11903098303956458;-0.10353645427570543;0.1639280645089272;-0.1154017464638843;0.25007046740002353;g
192;0.7459405636639498;0.2369733635379572;0.497568949211835;-0.6231804320279852;-0.23386553448371178;-0.004771219663069426;0.034279851694487995;-0.4864159203297004;-0.12408513229168194;b
193;-0.36461899367730305;0.5842680689850048;-0.13506267216821816;-0.10915201143903286;-0.0422825745817867;-0.07117291240084908;0.016459494628456892;-0.0424840020571737;0.1499067463432352;g
194;0.6296430187422363;0.24965105843428953;0.7011431422921651;0.3869503534973401;-0.6388298053235095;-0.4375775004686422;1.5275813151524824;0.37002131872461363;-0.13696950520603984;b
195;-0.898834390903307;-0.055817871008962044;-0.1291483682970915;-0.01701192906631841;0.0025495195752891515;0.002891443915799022;0.03456692969099336;0.07274064024408652;-0.1053265802394926;g
196;-0.6756936261282184;0.8396400988512869;-0.5168480146496779;0.48431294820698045;-0.701913791996158;0.2775992762470808;-0.31552817066182476;0.3999644317195637;0.3296152449587151;b
197;-1.0816452414513142;-0.0656112439941142;-0.17567659113328335;-0.014503352796549747;0.32446419624840256;-0.14790076408614938;0.07084361259114982;-0.09289657543088549;-0.12613087790558913;g
198;0.7034478486076029;0.03338585932729305;0.4425385443959215;-0.003651353833590752;-0.46776307084214547;0.03870536977807144;0.6739970938546571;-0.5201377300601738;-0.1764576630817641;b
199;-1.0075641979924561;-0.026330589262919587;-0.1491493606657785;0.00533744536314717;0.22142051466423718;-0.21229454358902597;-0.033033998407883396;0.010460375848600302;-0.16114384411339064;g
200;-0.34973725390240995;0.03380291506884535;0.6201015329094006;0.3782090767647572;0.5774650299788338;-0.04949140239693792;-0.4712073051988033;0.3510000653588948;-0.21455384245927583;b
201;-0.5491750053797647;-0.8436203426286324;0.08541596254723852;-0.7403490237445518;0.0016572538981135254;0.024070116475044735;0.14558355219588817;-0.08370543303816894;0.44910628917321144;g
202;0.6644258062320042;-0.8106843725990193;0.29916320765892374;0.1739000596358912;-0.6984735704914303;-0.4697786052300153;-0.5882159879747364;-0.3335758854719649;0.2911628496815792;b
203;-0.9892006494809823;0.028047638571801238;-0.13671769393076522;0.03570549204598958;0.06831480310738618;-0.07599649966679878;0.09875486494374265;0.03895495943750729;-0.0818611600889016;g
204;0.9539142998293679;-1.3390479990163848;0.4726615426790372;0.3094299368870292;0.020624003682777316;-0.15173592113506906;-0.32134274787086714;-0.19311535834950969;0.05583933359739701;b
205;-0.9874763718351564;-0.003929404765168558;-0.16911004183984638;0.07158468087108653;-0.04914991896455252;0.042098834080467495;0.011731006471288292;0.02889612079093399;-0.05561497628091499;g
206;1.2411686830261792;-0.5607718626965317;0.1232259123486991;0.1284079196415314;-0.31284926699268983;-0.8991946317491323;-0.06837037086173348;0.5271740738680245;-0.21621311018879127;b
207;-0.611514308389824;0.16837030328639066;0.018718071615189676;-0.06620926458639138;-0.21580561149811206;0.0025713178180991865;-0.0847981620698585;-0.052146381092472174;-0.06087493395226987;g
208;0.876099716334988;0.1423230571011433;0.22325868009211985;-0.24061871097388982;-0.40175869839820505;-0.08952818333701315;-0.06380831723625074;0.3022688979132523;0.13646462184382815;b
209;-0.9195629838848095;-0.13396534538946736;-0.2568399936168706;0.5544344459419285;0.034931477066905206;-0.17543643511549745;0.05777111393595935;-0.16310965820807555;0.33363080901572645;g
210;0.32752107983110373;0.18499847812306472;1.3191663837921788;0.4455601811144929;0.04846186182694969;0.8114368223367633;-0.4618188641402765;-0.3044903280554179;0.3991426892347374;b
211;-0.04657264552944675;-0.009332166297043247;0.12689561346149597;-0.07728444346897383;-0.06683159841742756;-0.16741084078120566;0.034705350248337014;-0.1277119563662246;0.05896368400996553;g
212;1.0797157683031247;-0.20207223454208162;0.544325105428875;0.40323473388293885;-0.23550726532525562;-0.2776381102640115;-0.08346673730372708;-0.36111227625891174;-0.32166635335174637;b
213;-0.8725947158160365;-0.05273556991276243;-0.39581764756109566;0.26843151849417113;-0.09303225164489012;0.020092301850688436;-0.2534616928340645;0.030197944375923907;0.20506619813489876;g
214;-0.9603107403665473;0.4109249327632636;0.0752770615189631;1.146931484055133;1.2720172864872705;0.1778858467605141;0.025254731960596778;-0.7186521144926711;0.08364593348455945;b
215;1.0649007092390068;-0.5337085163867445;-0.4385760479840175;1.0445509866856333;-0.048682002868442514;-0.28103379876402856;-0.008067360293082897;-0.10081314279871709;0.12196855468480677;g
216;-1.3037197333463713;0.4323717108352522;0.6671389268871163;0.4588810646231562;-0.35713702252299434;1.2020574553749928;-0.2743506619521932;0.5427667764783004;-0.20205061220144874;b
217;-0.24408622689408183;0.9651208251647564;-0.11576105324359506;0.07397406837824189;-0.08584249438849913;-0.03148123811211801;0.00880201579289465;-0.0823037907722533;0.04121291360692539;g
218;0.22786729783577725;0.5681417042074403;0.7764127507794707;-0.14741378458832666;1.139570316418157;0.50539510670931;0.27753692354043447;-0.14477511252946235;-0.03369359725689702;b
219;0.2828352961052871;1.5440838935127277;-0.09669855659884775;-0.07784147163411119;-0.11327372479307213;-0.02002457308913687;0.026578160695838987;-0.1401569120290662;0.13068012942305862;g
220;1.0522922830756427;-0.6525188363752097;0.7125104112304248;0.7898589397421043;-0.7430104139660568;0.8885516486443086;1.2773341020664062;0.0446479739022662;-0.18541484756033677;b
221;0.5940900160651426;0.8779261937964499;-0.09026156777048337;-0.17509696500291633;-0.0886820132874593;-0.016265952077452333;-0.010512170668607754;-0.048817103933111276;0.0720904189212764;g
222;-1.0963802814507726;-0.2981808103768664;0.23438124750045344;0.0654326688097151;0.4998117004107817;0.6048786552588751;-0.31531320262968243;0.9956981043059374;-0.0794817973234219;b
223;-0.16451883334081008;1.314654246318337;-0.09350945936994506;0.17851817019124988;-0.12128863027856898;-0.07287817772031577;0.014796498959571022;-0.09808848129225736;0.10427732046860516;g
224;0.5446286882825869;0.0005157320357014503;0.6911229831441789;0.18286930196894335;0.10103079309031887;0.7161048272637186;-0.36089746328603334;0.06757718027568271;0.3261876090692155;b
225;0.6203933681402879;1.3713852380904157;-0.1173294750675091;-0.24373024066183788;-0.1051224945540008;0.03345301546592247;0.06659651361923113;-0.13269284370640888;0.14649939848421334;g
226;0.7954541843891941;0.1791492403050154;0.6147982957218204;0.91979354754379;0.2780604569844224;0.47594932547274454;-0.48700077582654133;-0.4759415390459142;0.43337205371873305;b
227;1.3086838893915536;-0.46800265370760996;-0.7884563116734966;0.29024495357016905;0.06861851908023955;0.11055256806999433;-0.013695305295144383;0.1019725913371752;-0.038644215279591096;g
228;-0.8468581256237073;-0.2860583738485012;-0.3962964305954663;0.9846579517590968;-0.21058469419189474;1.1894189255306467;-0.13969701023441541;-0.6232722808526817;0.19928771108441096;b
229;-0.4190157070621332;0.6854155731799112;0.05949480000810317;0.28132848051033427;-0.11829157552836114;-0.15824183323681357;-0.0496996113368764;-0.1682845711829113;0.04115486785280911;g
230;0.6563975347738419;0.06878680611676413;0.8377927208367416;0.3683241822442915;0.23009875739289803;0.325709403423796;-0.17208298133956604;-0.02637136656760975;-0.2084506762380288;b
231;-1.0698443790455598;0.015229729515478128;-0.20524630131660274;0.08927519093403503;0.014904144447647209;-0.012528800783989982;-0.02306342390306975;0.015316158666731897;-0.10000063622011812;g
232;1.0374986676662532;-0.12321543269697187;1.5296076008243131;-0.25703906225802664;0.8887075940821507;0.15343153707630264;0.8367312401735914;0.30066300578055694;-0.25827549952633505;b
233;-0.4364884838104661;0.07416729418363595;0.030726615583237853;0.05269040040273901;-0.12469911984364059;-0.11660648219387866;-0.09945967230056155;-0.08674959736550258;-0.08415891748880298;g
234;-0.6672372780369654;0.2602790496750455;-0.15993313754376084;0.16001373385828277;0.6766797945232627;-0.4217849843110177;0.18357107840258294;-0.09147763436990308;-0.18287044657079038;b
235;-0.9636491250218171;-0.3523241935025515;0.07208245285218208;-0.2675997625750137;0.11106187282476629;-0.07841315233015182;-0.17272482640942363;0.09744666090477866;-0.25277989281562085;g
236;0.596917188914976;0.49214249027574963;0.11298494158718085;-0.02545793290555899;-0.19487193904262146;-0.19136848241842072;-0.08733688464130836;-0.0956324631630222;0.04231140599404587;b
237;-0.3985086816403343;-0.03491426116212937;-0.016714912581386045;-0.0291318767618674;-0.043875475311430316;-0.051700217632758935;-0.020795990812188546;-0.0472278993298758;-0.06695695614087599;g
238;0.6320106933505897;-0.07151249454555308;0.3591837714980745;-0.07305405136809395;-0.2346745690910954;-0.16004226100572144;-0.11318507410146701;-0.12587338659098493;-0.09013031124561233;b
239;-0.5770985337567409;-0.04730659332656671;-0.042124931287002676;-0.009760129730982543;0.07428252336986714;-0.1372732868466586;0.011305186299367016;-0.0847850711263902;-0.06498509978057009;g
240;0.6924860055337395;-0.07205821102877766;0.5040701836368654;-0.5777945541452049;-0.02940972572120292;-0.26645328685518316;0.09360010957547135;0.2355970702917812;-0.25911210239031546;b
241;-0.9204770978155344;-0.21917355487716872;-0.15178267347306845;-0.06511669870873901;0.029884788856075647;-0.045858159185213035;-0.0056866200572972736;0.06786819916957941;-0.0450061763081083;g
242;0.5135215030766901;-0.32728475791185624;0.1628833137946784;-0.42379672993648726;-0.2979927247474119;-0.0358029384732304;0.2853004998042626;-0.26168156870292325;-0.003635736086707711;b
243;-0.9222057936013056;-0.16881068502994045;-0.15236358625624444;-0.04622765883560896;0.022439934977509915;-0.03226251209158207;-0.011300416830773555;0.042738726913163896;0.003625775276430862;g
244;-0.5764670748178307;-0.3235135782113664;0.11338652018496544;-0.22315441249520612;0.1477213196649376;-0.1453171760339392;-0.7408227295884567;0.03944305092743082;0.2626667953007346;b
245;-0.8006128978139093;-0.1411935824028443;-0.11136444207767632;-0.014045885912841262;0.021462869252107792;-0.03386754520265017;0.004697869424950861;-0.016562132753052038;-0.013452785751859694;g
246;0.6483656136058038;0.23233957529974622;0.26114148245677243;0.170810324757522;-0.15286150019572925;-0.2275940794053361;0.023260217971720915;-0.11952690350672944;-0.3305744405645723;b
247;-0.23735282078708372;-0.08171685687782128;0.09030282283191257;-0.02497464210271543;-0.051400354966088045;-0.15654598473725356;-0.01884481628034082;-0.022365145403955202;-0.09330548514719098;g
248;0.7154465342251033;-0.25555739019066637;0.8021115355130326;0.07679738729389951;0.28249318057374984;0.3071713109305786;-0.2821930563348429;0.2804241394552714;-0.17869212912471427;b
249;1.128394868202478;0.17978395001715136;-0.597376233906324;0.049509554774331714;0.14695780121852528;0.03424302901553501;0.06093069764683266;-0.0755970710735919;0.0674842935041038;g
250;0.28641417272199876;-0.04904889656808113;0.16713637988304894;0.16674427883185086;-0.0734466318209456;-0.31334338605561285;-1.085435946297715;0.875268533578712;0.449591552297545;b
251;1.2658855577898644;-0.562953148884568;-0.8118282969321412;0.35325809684171217;0.06700798828459432;0.1079499499264751;-0.03568805486778076;0.10612215586354738;-0.05937074953319474;g
252;0.7034439680793015;-0.3424371428760947;0.24300823402922644;0.2618159691002374;0.05603629068672691;-0.09476724987223786;-0.4581247658361004;-0.05342534336091777;0.07994030333008806;b
253;1.1347238180320256;-0.6841891233544766;-0.6984812428557381;0.894894005625562;0.014196618445925159;-0.09253508021784008;-0.02746835492460612;0.04092390240764433;0.012299756771891074;g
254;1.0946618341962553;-0.399831695413531;-0.15562953753630857;0.40101403397198615;-0.1617784402541317;-0.14106547914545914;0.05551598254190605;-0.15842810569918714;-0.10364178211350522;g
255;1.0001088160944231;-0.5763124334134108;-0.45480700596166435;1.159448313385182;-0.08155418145187111;-0.2872506521269683;0.00271460320659812;-0.05371257326841705;0.11422359665207776;g
256;-0.4395680966267452;0.025779627268925118;0.056056000232564206;-0.045750169663147947;-0.10070480054910774;-0.08433881300442043;-0.004567212283191607;0.019793741707341373;-0.11621675519043642;g
257;-0.4794658850759753;0.09791807561710322;-0.11088916812995185;0.025482212099016494;-0.0295194455117299;-0.05369669326927903;0.048632696302932515;-0.03192472208781045;0.08923103894201728;g
258;-0.49367834371490327;0.1348500528196115;-0.0076057173392269535;0.02552514609065544;0.04947998159443557;-0.16365728929748183;-0.041646744536457406;0.01991811748823296;0.08109970190299563;g
259;-0.6852057708439314;0.0037735555614587944;-0.06656442038726142;0.01767843986556698;0.031795461525990505;-0.10239861346273128;-0.01831701467579208;-0.04851650704426926;0.006232895916040485;g
260;-0.056770352250379234;0.05505004367527817;0.08161730584844536;0.032282352128409894;-0.20862586019330287;-0.12018742061785488;-0.05135537789420727;0.07787325804833986;-0.0323844825556001;g
261;0.28521446431334246;1.221777643870248;-0.042460756206829986;-0.09298394720843509;-0.12621805851110768;-0.03261222164698832;0.020258441957716374;-0.12480555222529915;0.0705698739992055;g
262;0.30736239319441033;1.4707679145117378;-0.15715389253146736;-0.16078133129169683;-0.10213805252047242;0.04554809752944582;0.019070719892520585;-0.14372895943719222;0.13334542394171878;g
263;0.7541404354599078;1.2448003132283623;-0.21548445791032017;-0.410271466552886;-0.06622995568443026;0.10558528209270572;0.03686014737502882;-0.13026073814264952;0.13516264622900592;g
264;0.763853576483055;1.6265738092070179;-0.1452906899921956;-0.3647826139783398;-0.1105956799624869;0.06651251291723916;0.06570397758352751;-0.17662455895439907;0.20778255732402418;g
265;0.9348335559159813;1.332514565101549;-0.21605486588510497;-0.4772348206326031;-0.061353755789107664;0.12495682483564877;0.06939334698526761;-0.14263979141580066;0.15162008960964168;g
266;1.0778921670602173;0.3921810901898416;-0.2706533741113631;-0.4248422508013324;-0.02049607991891477;0.0864757957127571;-0.03950941593293668;-0.005303300837778745;0.11151086231206866;g
267;-0.3265168284374578;0.35573804345113685;-0.06900718234555703;0.16784056754806478;-0.3259772425770009;0.08229883029663762;-0.15801523739206627;-0.06239600774416056;-0.0038759237273049973;g
268;-0.36799285582879915;0.2833529218397559;-0.013921259629499676;-0.0073902930747153615;-0.09189347870183331;-0.19881203899176425;-0.05452910599300959;0.031144782651475415;0.021414110124537165;g
269;-0.3667649611629591;-0.06473747146468734;-0.051626117754853935;-0.14172969834021662;-0.02579445015235872;-0.06506188112414935;0.0285021803610932;0.029001789795995082;0.07764562842410787;g
270;-1.045868741140318;-0.0815509979341355;-0.19680180011588533;0.05810994919500088;0.046891588723484326;-0.02421452400247582;0.023489084616897134;0.02463385115990953;-0.04732722794173172;g
271;-0.22323527931165907;-0.09514781306608841;0.17015570906114075;-0.23319481848328807;-0.16475756429717195;-0.021512960204025662;-0.04051946333122528;-0.0726105598553325;-0.2385981416399163;g
272;-0.49310990150053524;0.15811355792180615;-0.06577045264817824;0.2189581056160707;-0.12615442138581437;-0.11553105454523817;-0.08351720320545487;-0.12944341747023216;0.08156923508133339;g
273;-0.38723493001796383;0.012062838858175821;0.06430001702214216;-0.04243091782471523;-0.10117947287806184;-0.055016257762917534;-0.06938802516018625;-0.04188359235072648;-0.01567134184083417;g
274;-0.2934102146494781;0.07915621457587446;0.007386992051817389;-0.17060338287042992;0.00840154889139819;-0.0849554474909611;0.030986625489516875;-0.12458609165215434;-0.04442840240904512;g
275;-0.47141340534028575;-0.049644910784546616;-0.05983629900794103;0.019443138861847026;0.06144543185324417;-0.10111483874007508;0.10383238397221513;-0.05402612941688728;0.005645159702225573;g
276;-0.3654668265719036;-0.01904842094102579;0.0290750148382838;0.021770724660927818;-0.07646007100396796;-0.044507094178718135;0.02110609283252064;-0.0084667016416786;0.01709147591803281;g
277;-0.01275113615928084;0.06643672651755284;0.15732527451953585;-0.07828474202716945;-0.04425078071597997;-0.18626652499434207;0.08785922185663073;-0.0385277877022553;-0.04592283713098397;g
278;0.2935775739282674;1.2900848978289787;-0.13106932440342156;-0.12903628038124054;-0.13045325561621648;0.05166783711018058;0.0520656581576437;-0.12373114305552983;0.14622769539299574;g
279;0.8272995668785517;1.3945298663616212;-0.22543448253324316;-0.47999102088862605;-0.059967236213865543;0.13313227124748647;0.06883153739997368;-0.15934312283150406;0.16650332302852622;g
280;1.2223728065655015;0.9413205358536307;-0.46556478674786267;-0.6643856424391117;0.024702161007699966;0.2508917002054838;0.06691868210940435;-0.12241608909888989;0.15019796164717186;g
281;1.209546368813158;1.156567056860206;-0.36867031242322795;-0.7255818342396793;0.0005991198130047455;0.22677107549598438;0.0629274088628688;-0.14356819737375592;0.17910663078253364;g
282;1.5341422435621799;0.3764653601923884;-0.6746662748949741;-0.8015566584026255;0.09782515321615913;0.356006511331736;0.05335021561786147;0.0004978121362527923;0.0318732008833173;g
283;1.254466576766118;-0.20433186566192404;-0.7182207192562804;-0.001215773912866095;0.08851188840887911;0.18530827135159278;-0.02315142011970283;0.1339287990670448;-0.028099059828129394;g
284;0.7799282565588002;0.05915345796844902;0.10398482794581294;-0.057677326522740414;-0.14727400451900177;-0.14432755455402566;-0.0029299354932310374;-0.07457682314943086;0.011301448667415096;g
285;-0.48594635660250274;-0.0846312082883018;-0.009381266446481382;-0.08846953939150566;-0.14268409159574086;0.03786085763506197;-0.049080562376144984;0.003914387095020693;0.21852428851997338;g
286;0.043581816343375;0.29500292989633087;-0.026402890802881482;-0.02644784964836293;-0.041703292103217965;-0.14482031317980826;-0.024112382934164397;-0.022686643142673144;0.0718642312270282;g
287;-0.7707986761117441;0.0500813172314591;-0.1574537177518339;0.09251524692357771;0.03415595181173862;-0.07404735128771577;0.006170765619965069;0.03240510017648512;-0.03214897308663928;g
288;-0.8604533720524278;-0.1223309137443413;-0.19095747577270872;0.14122267190865534;-0.09968512001659116;-0.05554815253805218;-0.05896371839318046;-0.002693691420547792;0.13188998781360164;g
289;-0.843100686818011;0.011740602884929775;-0.12461922753315417;0.06437446248311743;0.013367974559912957;-0.028837268980793068;-0.08955320910178056;-0.04489314218392609;0.08051461149178889;g
290;-0.17189562009850967;0.0655979323848664;0.1382967245249689;-0.05909024708399673;-0.019249010940557747;-0.26864741789796054;0.018733678316979863;0.12448642963334158;-0.10806643608194848;g
291;-0.46776429486857385;-0.17535455161878327;-0.014752458635518004;-0.22356195953019908;0.09364589172054122;-0.17137320068460737;-0.014858683310648425;-0.03127031095708248;-0.09479140954951004;g
292;-0.6978234650397348;-0.29906896384933;-0.07109647646803471;-0.13903658458347679;0.09963340569424123;-0.07149251550328557;0.009828762876492342;-0.028951753221133858;0.023382130065445997;g
293;-0.8070542971570144;-0.20333256060715243;-0.12882483065821537;0.06656132617779797;-0.0003478083935402115;-0.04745626850718908;0.008033240365976474;0.07939512652473277;0.08194127483221124;g
294;-0.5247597761310867;-0.18407013029960367;0.00964253876453348;-0.03431953733783934;-0.19820496115620717;-0.05654995604993297;-0.054600501412790894;0.015443882785444589;0.12101646149482836;g
295;-0.2841732652112499;-0.18259137917695845;0.042088736317880224;-0.059978092862991314;-0.01710436559855901;-0.1652681828149477;-0.0587283982645993;-0.00033349466499433167;0.05256596206318977;g
296;1.5755479517694508;0.40282348173736005;-0.6336416479636683;-0.8459721113545333;0.10209048777109322;0.3414132413334249;0.047342843727477754;-0.013280447439991327;0.011315296324030055;g
297;1.6642912300338302;0.15843634595114753;-0.8083358097193364;-0.9288567622630544;0.1500884555653102;0.4372279784143631;0.024133788493554378;0.052836409487539995;-0.03806296451004701;g
298;1.659176523658132;-0.3285730537321269;-0.779513167964675;-0.6070659104473702;0.1381484258508738;0.36922510680813675;0.08074827189258503;0.03629073718240009;-0.10704050577017465;g
299;1.3709449354538874;-0.12497608295246476;-0.7718914946967367;-0.36704236098629417;0.10821580289159742;0.2940992200776847;-0.007362812762380577;0.08282027633043512;-0.10333098405688712;g
300;1.5597576393086514;-0.30133296242516483;-0.981780123896707;-0.5150579637730393;0.16197454665922156;0.4187947304558646;-0.0038735430431653534;0.1427120039672632;-0.12485364654816905;g
301;1.332818067947074;-0.35528937565141677;-0.8021318356141858;-0.2398722278711815;0.09026946700863799;0.27582425823809015;-0.023458761170691202;0.15146867979984593;-0.11201000914897113;g
302;-1.0886819717910758;-0.19390099826140486;-0.18936564570310815;-0.039730738007378974;0.05709014912602098;0.0004438820251568068;0.013435298553663268;0.003643768080079922;-0.05747455051337145;g
303;-1.0263452817114218;-0.10204308928583898;-0.1695043566905768;0.005927149953714586;0.02620715592027179;-0.016068885029952948;0.0040371465812457565;0.017215907738504174;-0.04257334596286081;g
304;-1.023174669683275;-0.14774944427855158;-0.16553195378010632;-0.027617435252100565;-0.010298116457057147;0.05654297771309852;0.01981044169031549;-0.03537734728953482;-0.1128653079388123;g
305;-0.49178452541064827;-0.02625130351390865;0.00767329254495284;-0.045151229599112316;-0.0077520724155449895;-0.0437754233858842;-0.2118385879555066;0.07241605843741386;-0.14073226732647304;g
306;-0.03576059945413668;-0.06951673199230719;0.14836014973457473;-0.19733331791670605;-0.14809549548606366;-0.02186032947039334;-0.06578637756304528;-0.2078960328151175;0.06060995048212502;g
307;1.5444089199312536;1.2669969894233568;-0.35146214092232236;-0.9440182002978258;0.11479697233484973;0.11925865977629352;-0.01932577631321404;-0.05307132239309472;0.29347687599917693;g
308;1.5461879384693062;0.6013920171214298;-0.5840470548340453;-0.7915953218649587;0.1375318616636501;0.2376614343783475;-0.01618307348006074;0.06821581060982829;0.1395583429576622;g
309;1.3898476749065884;-0.2133375459313365;-0.8390547712240836;-0.21500079488427082;0.14380632354026832;0.25013534683925476;-0.05750531657088608;0.1435808620493672;-0.04995173252879815;g
310;1.5275079590749148;-0.47583317024746674;-1.0509368273584885;-0.33168032925625357;0.16848894963545064;0.3975093139199573;-0.021375523291767347;0.18331013553566486;-0.15422757074807236;g
311;1.4790107942898247;-0.6077663729354036;-1.0195880158459272;-0.006346562552519287;0.14372725294954097;0.2594091627363276;-0.07500024023817939;0.27973014551026326;-0.11438925167311244;g
312;-1.127806076224091;-0.12742322751095886;-0.21494472899526257;0.034710540789993485;0.14121478663538806;-0.08163175603724723;0.031400728359072844;0.08918773917168889;-0.012598127242017865;g
313;-0.9822154447528271;0.009260203389853349;-0.07090286144201756;-0.04114348375013984;0.02269768484145316;-0.17037072647357576;-0.05062121339863095;0.17866604985336085;0.0982572183457014;g
314;1.310095670658609;-0.17864845381723432;-0.7030870273234866;-0.08563759393936729;0.08112820286028487;0.18888767160376818;-0.025356875754642107;0.07161989851854196;-0.09018389361625204;g
315;1.3864432693453437;-0.517639468702967;-0.9038129934364617;-0.002155551799346747;0.11373992273574736;0.2556529892183055;-0.021439786694615097;0.14797145105977527;-0.12194015855411165;g
316;1.2857603215750595;-0.7665871789525935;-0.9683078727456703;0.4466894192918441;0.09929232930448832;0.1643971520112247;-0.03991360741965585;0.17745926823542868;-0.12196372873761069;g
317;-0.8790313950612962;-0.06450821633391991;-0.1355344806669021;-0.01916148505904381;0.15381447215502778;-0.04825995141213702;0.019577740734894745;-0.040807677004483;0.04294958749009072;g
318;-0.5944185105518007;0.13435874508256626;-0.07424134433414672;0.007103562167666552;-0.08185470100415669;-0.05887471665144657;-0.012525878246465625;-0.02388524429527895;-0.03379964949036513;g
319;-0.91800740706096;0.0787688192063438;-0.1607272361662576;0.10979576814126313;0.0008175467097026913;-0.051278878105048366;-0.01508431197830918;-0.017541889645967604;-0.06715107888605028;g
320;-1.1267989456804233;-0.11281562859457227;-0.20976585162646638;0.03951749793301512;0.045265399526418726;-0.0049563906632664285;0.012725594475678916;0.03210406672885763;-0.048966586446091004;g
321;-0.9552580603664595;-0.01719882269445249;-0.14579865276079335;0.06895706874750555;-0.019918336802884774;-0.02728339274333357;0.004054060241073639;0.015026307297688791;-0.04122008770348889;g
322;-1.0266377636935833;-0.0002693142193318437;-0.1737716188882985;0.08975908594122417;0.0738650312354845;-0.01970272701625978;-0.012376597280849111;-0.01971267188463965;-0.06263881968064992;g
323;-0.17200009378981307;0.042081337350283785;0.09981613075427169;0.003973758527301141;-0.2416112859157327;-0.1065403727380196;-0.10968170784752082;-0.009479550609752682;-0.036784068077695464;g
324;1.2973137248727107;-0.31995004875186756;-0.8207802651440063;0.08119249439026069;0.08000651026885924;0.1813593858070662;-0.028305306801981525;0.11035055243540176;-0.05024148044386663;g
325;1.3236780854763486;-0.5796489929449923;-0.8995425521464444;0.24748787308731407;0.09761657291042627;0.17056247115819012;-0.04211942795709444;0.1384253705545473;-0.09044602346005873;g
326;1.2318794189989444;-0.8241638947301155;-0.9685663991422186;0.649585448231584;0.09166566924425273;0.10246490106387779;-0.06101595373853146;0.17321917690659616;-0.10959619488207101;g
327;0.9941308257119048;-0.4765516018719633;-0.4755905488266728;0.9970266495923383;0.36917465161933016;-0.4780365019924015;0.2731833804563273;0.06874268919763313;-0.08109363249135865;g
328;0.6407641376122375;-0.5292624480243073;-0.28808773490957684;0.9153989602307506;0.09869789661406925;-0.33512788226152673;0.16613272772909815;-0.018058550365834786;0.005108288558243607;g
329;-1.023845602605285;-0.02173857559308812;-0.16999422370024575;0.08164662223395738;0.019375109721796378;-0.028397795500296585;-0.012798081475593841;-0.0008130373945890456;-0.10249405803414842;g
330;-0.9371184254830041;0.06375873025752747;-0.1133105700076535;0.0859483588958704;-0.038642832754740036;-0.06776564032886363;-0.02958800887118909;0.004447280303722919;-0.14351547517701543;g
331;-0.8559350216933874;0.052427606050199985;-0.11424624558133759;0.0672569741182095;-0.023933360108650305;-0.07512075230891113;-0.02774985615895598;-0.0034534195583322174;-0.07439314121051721;g
332;-0.8508135171791633;0.006259846617020856;-0.14080637697432583;0.047066235248861645;0.04364750877620956;-0.059111473045316436;0.006185194960609908;0.010745207254315098;-0.002457764387816558;g
333;-1.0863991608629264;0.03439277547190429;-0.21109720810221994;0.11871785247693518;0.028831000784889142;-0.02978699346291713;-0.009605045383051415;0.031197125793270757;-0.07340168953211325;g
334;-1.102134348319419;-0.022514250194933725;-0.21746587440849388;0.08639626839643708;0.039660795330037094;-0.015897173527093186;0.0007419440666913367;0.03222758302467149;-0.05376402382653873;g
335;-1.1110916476090569;0.058531942843399805;-0.21682955123624406;0.143103946311157;0.019447095115202026;-0.012710167087647316;-0.0002623937677630529;0.019082842143126843;-0.0925939955281671;g
336;1.315098021395856;-0.5067699453320728;-0.871596848192674;0.16444664553366167;0.08981677363728528;0.1872401750169259;-0.032408259618366145;0.10798449340422042;-0.07630279676882769;g
337;1.1970726478936233;-0.8351703135205739;-0.9345611099777946;0.7578309361285557;0.07964940903173465;0.0547648139926838;-0.07556566603356474;0.15927736483739058;-0.09025796603830194;g
338;1.1197051757677976;-0.42896083951656605;-0.19929225526410185;0.49841099467079814;-0.12284267686515923;-0.16621743001847064;0.04430570348725503;-0.13404772259085568;-0.061587384333273064;g
339;0.9838614025316285;-0.4637793934529744;-0.2595362881121817;1.1392719730917367;-0.10029166300776858;-0.3687171187588382;0.006420038804934025;-0.1502711335035673;0.15997399089125897;g
340;0.8089081548480103;-0.10118238196817535;0.3480522521556942;0.19563667059010137;-0.2800980881778713;-0.4049893256490502;-0.046048288413132396;-0.10304452864519892;0.09160772851041141;g
341;-1.0761206019182432;0.04807110879025709;-0.20334227750220196;0.12081140577992594;0.028383924996439696;-0.019738830962486936;-0.026985371086932157;0.028223319492314516;-0.06641579986189577;g
342;-0.7615207766840439;-0.04401196283581287;-0.09029400689667579;-0.02652338357603952;-0.0641801356790212;-0.04449258632273376;-0.0443281781298218;0.058597389323476724;-0.03522261513288698;g
343;-0.22869764124087;-0.07272651443345303;0.1349478690282295;-0.16805263795698067;-0.09546551789882345;-0.13475576566056932;-0.07807693485153634;-0.07656654304782544;0.09491596669659955;g
344;-0.702334454357188;0.02616770410577268;-0.08673030802307251;-0.003524943321004871;0.013564194584167414;-0.07659484888655614;-0.012521833099920759;-0.030066623145656227;0.009585106444431727;g
345;-0.4087089882305026;0.08581704339079102;-0.05137219775843058;0.3723075201455704;-0.18002674783930714;-0.044028110672814376;0.1924458158569591;-0.15615109592900953;0.2740727645338599;g
346;-0.9099899809039433;-0.04168157874135525;-0.11050878963015315;0.04316265395972911;0.06829633679438601;-0.12678892521636845;0.09636755577293979;0.07391634199131981;-0.14486166103340445;g
347;-1.027184779890739;0.03350532881931344;-0.1715133810019679;0.07835121123567618;0.05621403215958547;-0.04328473458632311;0.0182355154576138;0.03050941707245823;-0.08324318747847963;g
348;-1.0084924749463744;0.004733075453654582;-0.16989882306973614;0.05509600372861809;0.0342972089707249;-0.02372414744393569;0.0178416914014394;0.025205878235719386;-0.09424701986541117;g
349;-0.9429418531341094;-0.12777068454883425;-0.1689528025863798;-0.01185202638149599;0.03140224581105264;0.024691072035191285;-0.0216219535491669;-0.02519583338933862;-0.05941937298560193;g
350;-0.7782073868167594;-0.09240341073783935;-0.12997037795972483;0.006872160405893498;0.05000534451802255;-0.11301123397586513;0.04363687328879989;0.022944061712616138;-0.06027377086666667;g
